"Data Source","World Development Indicators",

"Last Updated Date","2025-10-07",

"Country Name","Country Code","Indicator Name","Indicator Code","1960","1961","1962","1963","1964","1965","1966","1967","1968","1969","1970","1971","1972","1973","1974","1975","1976","1977","1978","1979","1980","1981","1982","1983","1984","1985","1986","1987","1988","1989","1990","1991","1992","1993","1994","1995","1996","1997","1998","1999","2000","2001","2002","2003","2004","2005","2006","2007","2008","2009","2010","2011","2012","2013","2014","2015","2016","2017","2018","2019","2020","2021","2022","2023","2024",
"Aruba","ABW","Carbon dioxide (CO2) emissions from Fugitive Emissions (Energy) (Mt CO2e)","EN.GHG.CO2.FE.MT.CE.AR5","","","","","","","","","","","0","0","0","0","0","0","0","0","0","0","0","0","0","0","0","0","0","0","0","0","0","0","0","0","0","0","0","0","0","0","0.0001","0.0001","0.0001","0.0001","0.0001","0.0001","0.0002","0.0002","0.0002","0.0002","0.0012","0.0002","0.0001","0","0","0","0","0","0","0","0","0","0","0","",
"Africa Eastern and Southern","AFE","Carbon dioxide (CO2) emissions from Fugitive Emissions (Energy) (Mt CO2e)","EN.GHG.CO2.FE.MT.CE.AR5","","","","","","","","","","","20.6903","20.2291","21.5048","23.3822","24.2549","24.5739","21.7058","27.3451","29.2312","29.5941","34.5682","36.0134","49.0389","61.6658","65.2955","67.9992","70.4775","71.7545","75.9608","68.7922","70.655","68.6246","66.2288","59.3782","60.0159","66.6012","69.212","70.3311","68.6108","69.9285","68.8308","91.4595","91.8382","87.4709","91.8528","100.0204","98.6737","105.0629","104.4132","81.1227","97.4735","89.6972","89.0951","85.8626","86.0671","88.9053","88.8334","91.977","88.2626","86.4806","78.4684","81.0075","74.6565","72.6329","",
"Afghanistan","AFG","Carbon dioxide (CO2) emissions from Fugitive Emissions (Energy) (Mt CO2e)","EN.GHG.CO2.FE.MT.CE.AR5","","","","","","","","","","","0.338","0.3463","0.4172","0.2546","0.4172","0.3463","0.3338","0.4339","0.3213","0.3047","0.3464","0.3339","0.3214","0.3339","0.3589","0.3769","0.377","0.2561","0.2141","0.0471","0.0302","0.03","0.0253","0.0251","0.0251","0.0251","0.0251","0.025","0.025","0.025","0.025","0.0253","0.0003","0.0004","0.0002","0.0021","0.0025","0.0037","0.0073","0.0145","0.0219","0.0315","0.0306","0.0301","0.1794","0.3803","0.4149","0.2894","0.207","0.2094","0.4048","0.1916","0.1921","0.1956","",
"Africa Western and Central","AFW","Carbon dioxide (CO2) emissions from Fugitive Emissions (Energy) (Mt CO2e)","EN.GHG.CO2.FE.MT.CE.AR5","","","","","","","","","","","24.5014","38.8103","50.3084","69.7048","90.5903","65.1312","73.3112","56.0722","54.8574","84.6425","71.3561","51.5192","44.3688","45.3388","49.7383","52.622","50.983","45.7055","50.0504","55.1897","55.9207","57.7784","60.2925","61.6538","63.7683","70.4642","83.3809","76.0153","70.9","68.798","75.554","76.7403","63.3118","70.5478","67.269","66.1738","59.3197","53.6582","53.5343","49.83","51.8131","51.9952","42.2647","43.1704","42.0603","41.1099","38.9157","40.3344","39.3199","39.9145","38.2183","35.2812","32.226","31.8552","",
"Angola","AGO","Carbon dioxide (CO2) emissions from Fugitive Emissions (Energy) (Mt CO2e)","EN.GHG.CO2.FE.MT.CE.AR5","","","","","","","","","","","7.1559","6.7013","7.7155","8.8428","9.2488","8.5778","5.279","10.4733","11.5481","11.562","11.6605","10.7163","10.5865","10.9696","11.2053","11.3361","11.4587","11.7001","11.7244","11.8284","7.3381","7.7982","8.2438","7.9648","7.3588","9.092","11.5539","12.1273","13.3264","13.3339","11.907","11.1122","10.3525","10.1303","9.8169","9.2802","7.9075","7.0048","6.9254","6.768","8.0997","8.1212","6.6301","6.5771","7.2072","8.5442","9.0735","8.5275","6.5473","5.7101","4.9088","4.5231","4.2133","4.4419","",
"Albania","ALB","Carbon dioxide (CO2) emissions from Fugitive Emissions (Energy) (Mt CO2e)","EN.GHG.CO2.FE.MT.CE.AR5","","","","","","","","","","","0.4445","0.4528","0.532","0.3695","0.4965","0.455","0.4426","0.6131","0.5068","0.4845","0.4705","0.6056","0.6193","0.6019","0.6293","0.6486","0.6508","0.5269","0.4552","0.4444","0.4034","0.3456","0.2538","0.2536","0.2957","0.141","0.1111","0.1159","0.114","0.0811","0.1011","0.077","0.1017","0.1899","0.1115","0.1573","0.1217","0.236","0.2809","0.1277","0.0808","0.1229","0.096","0.0482","0.132","0.1168","0.1675","0.2694","0.1622","0.2058","0.1409","0.154","0.14","0.1248","",
"Andorra","AND","Carbon dioxide (CO2) emissions from Fugitive Emissions (Energy) (Mt CO2e)","EN.GHG.CO2.FE.MT.CE.AR5","","","","","","","","","","","","","","","","","","","","","","","","","","","","","","","","","","","","","","","","","","","","","","","","","","","","","","","","","","","","","","","","","",
"Arab World","ARB","Carbon dioxide (CO2) emissions from Fugitive Emissions (Energy) (Mt CO2e)","EN.GHG.CO2.FE.MT.CE.AR5","","","","","","","","","","","170.146","187.728","209.6257","251.4713","232.0564","219.1602","266.25","257.509","256.1432","240.3035","225.1983","160.8748","147.708","134.2081","115.3407","116.9571","121.3498","118.799","123.9242","123.4474","115.3719","137.7796","123.3486","124.9259","136.4927","140.6902","143.7535","147.8187","144.2681","150.8592","156.8091","148.4504","147.4795","159.7427","160.9299","163.526","168.9365","166.7808","174.4189","169.0433","179.6837","181.6667","210.8667","216.5373","230.8898","229.7653","231.9027","238.1549","242.4788","244.1403","238.2672","245.8083","247.4307","248.2535","",
"United Arab Emirates","ARE","Carbon dioxide (CO2) emissions from Fugitive Emissions (Energy) (Mt CO2e)","EN.GHG.CO2.FE.MT.CE.AR5","","","","","","","","","","","16.3906","22.3199","24.4523","31.8719","31.8948","31.0175","38.4292","34.5537","39.822","22.8287","21.5427","14.1736","12.1164","11.6325","16.2229","14.2863","9.0337","6.4222","4.2729","3.5571","3.443","3.8034","4.0866","4.309","4.751","5.2712","5.6038","5.054","4.4783","4.472","4.7464","4.5872","4.2648","4.4555","4.0681","4.1605","4.3034","4.222","4.0516","3.9566","4.3604","4.4649","4.4865","5.0657","4.5734","4.9147","4.6571","4.9197","5.5052","4.8583","4.6317","4.7288","4.9989","5.0496","",
"Argentina","ARG","Carbon dioxide (CO2) emissions from Fugitive Emissions (Energy) (Mt CO2e)","EN.GHG.CO2.FE.MT.CE.AR5","","","","","","","","","","","11.3081","11.3181","12.0167","12.2597","11.8594","12.0391","12.7266","13.5345","13.6115","14.7596","14.931","14.254","15.0707","15.1175","14.9066","15.333","15.7849","15.2653","15.5419","15.4651","13.445","14.1695","14.089","12.9495","12.564","12.1257","12.0772","13.8422","15.7386","16.2305","15.9587","16.9862","17.0488","17.5254","17.792","16.6045","16.3825","19.5074","21.5322","19.5154","20.1579","18.2429","21.745","20.8365","21.7875","22.6358","22.0605","22.342","23.1075","25.0498","24.2444","22.761","22.8195","22.9283","",
"Armenia","ARM","Carbon dioxide (CO2) emissions from Fugitive Emissions (Energy) (Mt CO2e)","EN.GHG.CO2.FE.MT.CE.AR5","","","","","","","","","","","0.07","0.07","0.0714","0.073","0.0745","0.0707","0.077","0.0792","0.1419","0.1457","0.1453","0.1453","0.1467","0.1466","0.1508","0.1585","0.1604","0.1619","0.164","0.1656","0.1755","0.1333","0.0565","0.0222","0","0","0","0","0","0","0","0","0","0","0","0","0","0","0","0","0","0","0","0","0.2912","0.2855","0.2912","0.3057","0.2524","0.2331","0.2018","0.2264","0.2128","0.2017","",
"American Samoa","ASM","Carbon dioxide (CO2) emissions from Fugitive Emissions (Energy) (Mt CO2e)","EN.GHG.CO2.FE.MT.CE.AR5","","","","","","","","","","","","","","","","","","","","","","","","","","","","","","","","","","","","","","","","","","","","","","","","","","","","","","","","","","","","","","","","","",
"Antigua and Barbuda","ATG","Carbon dioxide (CO2) emissions from Fugitive Emissions (Energy) (Mt CO2e)","EN.GHG.CO2.FE.MT.CE.AR5","","","","","","","","","","","0","0","0","0","0","0","0","0","0","0","0","0","0","0","0","0","0","0","0","0","0","0","0","0","0","0","0","0","0","0","0","0","0","0","0","0","0","0","0","0","0","0","0","0","0","0","0","0","0","0","0","0","0","0","",
"Australia","AUS","Carbon dioxide (CO2) emissions from Fugitive Emissions (Energy) (Mt CO2e)","EN.GHG.CO2.FE.MT.CE.AR5","","","","","","","","","","","11.1072","11.1494","11.7","11.731","16.3103","16.8497","16.9033","16.7594","18.8172","17.7175","17.0092","16.7576","17.3374","17.4029","16.7466","18.6005","17.4224","18.7123","18.618","20.5232","19.5994","20.4644","19.5571","19.435","18.4326","18.7936","19.5566","20.6429","21.088","20.8887","20.6879","19.9689","17.41","22.5794","23.0099","21.9872","23.4098","24.4183","24.236","23.2834","30.7579","30.7508","28.5202","29.3201","28.9725","27.8238","29.9003","33.0715","34.5605","38.072","37.9174","36.7543","37.0004","35.2969","",
"Austria","AUT","Carbon dioxide (CO2) emissions from Fugitive Emissions (Energy) (Mt CO2e)","EN.GHG.CO2.FE.MT.CE.AR5","","","","","","","","","","","3.2661","3.4826","3.3706","3.3193","3.4771","3.5499","3.8256","3.5448","3.4308","3.5097","3.552","3.0438","2.7047","3.1057","3.2275","3.3829","3.5288","3.4679","3.6574","3.426","6.1123","5.8526","5.5334","5.8498","6.4196","6.5928","5.852","6.4187","6.8689","6.0211","6.5407","6.6896","7.7566","7.1571","7.4615","8.1177","8.062","8.1038","8.8329","6.1955","7.7951","8.2635","7.5714","7.4401","7.4671","6.575","6.1103","6.1535","5.3981","6.2069","5.7537","6.1554","5.7107","5.7057","",
"Azerbaijan","AZE","Carbon dioxide (CO2) emissions from Fugitive Emissions (Energy) (Mt CO2e)","EN.GHG.CO2.FE.MT.CE.AR5","","","","","","","","","","","1.9462","1.9462","2.0496","2.1639","2.2799","2.3146","2.4425","2.5264","3.2759","3.3583","3.4119","3.4301","3.4582","3.458","3.4818","3.5523","3.569","3.64","3.6645","3.6617","3.7231","3.7488","2.9108","2.3583","1.6425","1.4992","1.7222","1.4956","2.0148","2.5677","2.2085","2.8039","2.7226","3.2037","3.5597","3.7633","4.135","3.2707","4.589","4.8012","4.0036","4.2122","4.5524","4.6266","4.3631","4.4142","3.7866","3.7318","3.2841","3.7165","3.0178","3.135","3.1983","3.5193","",
"Burundi","BDI","Carbon dioxide (CO2) emissions from Fugitive Emissions (Energy) (Mt CO2e)","EN.GHG.CO2.FE.MT.CE.AR5","","","","","","","","","","","0.0009","0.0009","0.0009","0.0009","0.001","0.0009","0.0009","0.0009","0.001","0.0011","0.0012","0.0005","0","0","0","0","0","0","0","0","0","0","0","0","0","0","0","0","0","0","0","0","0","0","0","0","0","0","0","0","0","0","0","0","0","0","0","0","0","0","0","0","0","0","",
"Belgium","BEL","Carbon dioxide (CO2) emissions from Fugitive Emissions (Energy) (Mt CO2e)","EN.GHG.CO2.FE.MT.CE.AR5","","","","","","","","","","","7.3128","4.1376","5.5378","4.8631","5.7393","5.7904","9.8216","9.7755","8.2639","9.6124","9.7255","8.008","6.6695","6.6168","7.0689","6.2109","6.8829","7.1743","7.1716","6.7024","7.0467","7.0645","6.2461","5.7505","6.0316","5.4499","6.0492","5.3971","5.4954","4.7207","5.1908","5.2261","5.3516","5.4221","5.197","4.7754","4.8945","5.2579","4.9951","5.1775","7.3281","6.622","6.2892","6.0756","6.2029","6.2426","6.288","6.515","6.6221","7.0186","5.8752","6.1061","5.5594","5.5317","",
"Benin","BEN","Carbon dioxide (CO2) emissions from Fugitive Emissions (Energy) (Mt CO2e)","EN.GHG.CO2.FE.MT.CE.AR5","","","","","","","","","","","0","0","0","0","0","0","0","0","0","0","0","0","0","0","0","0","0","0","0","0","0","0","0","0","0","0","0","0","0","0","0","0","0","0","0","0","0","0","0","0","0","0","0","0","0","0.0032","0.0449","0.0015","0","0.0043","0.0041","0.0437","0.0457","0.046","",
"Burkina Faso","BFA","Carbon dioxide (CO2) emissions from Fugitive Emissions (Energy) (Mt CO2e)","EN.GHG.CO2.FE.MT.CE.AR5","","","","","","","","","","","0.0039","0.0039","0.004","0.004","0.0045","0.0039","0.0039","0.004","0.0041","0.0047","0.0053","0.0018","0","0","0","0","0","0","0","0","0","0","0","0","0","0","0","0","0","0","0","0","0","0","0","0","0","0","0","0","0","0","0","0","0","0","0","0","0","0","0","0","0","0","",
"Bangladesh","BGD","Carbon dioxide (CO2) emissions from Fugitive Emissions (Energy) (Mt CO2e)","EN.GHG.CO2.FE.MT.CE.AR5","","","","","","","","","","","0.1273","0.1273","0.1273","0.1215","0.0592","0.1332","0.145","0.2309","0.2209","0.2308","0.23","0.5177","0.4754","1.4871","0.8426","0.5829","0.5448","0.6701","0.499","0.6354","0.5949","0.583","0.6381","1.0268","0.7817","0.7444","0.68","0.9306","0.9111","0.9095","0.6646","0.7271","0.746","0.8105","0.8225","0.7936","0.9098","0.9599","1.0046","1.0634","1.184","1.1998","1.2532","0.4354","1.2866","1.3214","1.2861","1.3008","1.289","1.3148","1.2825","1.3565","1.3309","1.3257","",
"Bulgaria","BGR","Carbon dioxide (CO2) emissions from Fugitive Emissions (Energy) (Mt CO2e)","EN.GHG.CO2.FE.MT.CE.AR5","","","","","","","","","","","1.5958","1.5958","1.4563","1.7115","1.8573","1.9192","2.0265","1.9636","2.5338","2.2745","2.4999","2.3252","2.5401","2.7024","2.9994","3.0415","3.2393","2.8589","2.0043","1.9999","1.4404","1.3821","3.035","4.0619","2.7031","2.8227","2.7702","3.7081","4.1957","5.5224","3.4523","2.9501","2.6679","3.0635","2.5777","2.3977","2.2613","2.5378","1.5242","1.2112","1.2036","1.2342","1.3689","1.3845","1.4186","1.5653","1.4442","1.5138","1.7769","2.2138","2.1047","2.4948","2.5964","2.6281","",
"Bahrain","BHR","Carbon dioxide (CO2) emissions from Fugitive Emissions (Energy) (Mt CO2e)","EN.GHG.CO2.FE.MT.CE.AR5","","","","","","","","","","","1.9849","1.9849","2.2277","2.3072","2.305","2.0049","2.0568","2.3217","2.4799","2.4888","2.5278","2.5354","2.3638","2.2051","2.4701","2.3663","2.7607","2.8076","2.8671","2.8446","2.823","2.8148","2.7694","2.7639","2.7859","2.7992","2.9011","2.8453","2.8407","2.7111","2.8558","2.7874","2.8825","2.8926","2.9738","3.1902","3.1596","3.66","3.9657","3.535","3.8707","3.6404","3.9739","3.8737","3.802","4.2071","4.1288","4.1582","4.0586","4.0961","4.0535","3.7409","3.6542","3.7478","",
"Bahamas, The","BHS","Carbon dioxide (CO2) emissions from Fugitive Emissions (Energy) (Mt CO2e)","EN.GHG.CO2.FE.MT.CE.AR5","","","","","","","","","","","0","0","0","0","0","0","0","0","0","0","0","0","0","0","0","0","0","0","0","0","0","0","0","0","0","0","0","0","0","0","0","0","0","0","0","0","0","0","0","0","0","0","0","0","0","0","0","0","0","0","0","0","0","0.0001","",
"Bosnia and Herzegovina","BIH","Carbon dioxide (CO2) emissions from Fugitive Emissions (Energy) (Mt CO2e)","EN.GHG.CO2.FE.MT.CE.AR5","","","","","","","","","","","0.0187","0.0187","0.0188","0.0197","0.0204","0.0215","0.0216","0.0225","0.0241","0.0257","0.0253","0.0301","0.033","0.037","0.0395","0.0412","0.0417","0.0422","0.0403","0.0405","0.0453","0.0403","0.0345","0.0299","0.0032","0.0038","0.0041","0.0131","0.0169","0.0163","0.0248","0.0265","0.0271","0.0273","0.2504","0.417","0.4452","0.4737","0.5291","0.8182","1.0412","1.198","0.8757","1.1672","1.0463","0.9808","0.8987","0.9915","1.0319","0.8823","1.1754","1.4429","1.483","1.4985","",
"Belarus","BLR","Carbon dioxide (CO2) emissions from Fugitive Emissions (Energy) (Mt CO2e)","EN.GHG.CO2.FE.MT.CE.AR5","","","","","","","","","","","3.3883","3.3883","3.6188","3.8715","4.1295","4.2988","4.4843","4.6475","5.1845","5.3153","5.4573","5.5039","5.544","5.5454","5.5141","5.5265","5.5267","5.6739","5.6861","5.6449","5.5883","5.2908","3.8784","2.7561","2.5933","2.6924","2.3346","2.8625","2.5634","2.1475","2.9837","2.787","2.8029","2.9955","3.602","3.5637","3.7736","3.792","3.592","3.6426","4.6882","3.6156","3.9269","4.0088","3.9576","3.9019","3.5475","3.179","3.292","3.2671","3.0165","3.0202","2.8676","2.8948","",
"Belize","BLZ","Carbon dioxide (CO2) emissions from Fugitive Emissions (Energy) (Mt CO2e)","EN.GHG.CO2.FE.MT.CE.AR5","","","","","","","","","","","0","0","0","0","0","0","0","0","0","0","0","0","0","0","0","0","0","0","0","0","0","0","0","0","0","0","0","0","0","0","0","0","0","0","0","0","0.0002","0.0002","0.0003","0.0003","0.002","0.0003","0.0003","0.0002","0.0002","0.0002","0.0001","0.0006","0.0004","0.0003","0.0016","0.0051","0.0059","0.0054","",
"Bermuda","BMU","Carbon dioxide (CO2) emissions from Fugitive Emissions (Energy) (Mt CO2e)","EN.GHG.CO2.FE.MT.CE.AR5","","","","","","","","","","","0","0","0","0","0","0","0","0","0","0","0","0","0","0","0","0","0","0","0","0","0","0","0","0","0","0","0","0","0","0","0","0","0","0","0","0","0","0","0","0","0","0","0","0","0","0","0","0","0","0","0","0","0","0","",
"Bolivia","BOL","Carbon dioxide (CO2) emissions from Fugitive Emissions (Energy) (Mt CO2e)","EN.GHG.CO2.FE.MT.CE.AR5","","","","","","","","","","","0.9322","1.6743","2.1288","1.7554","1.3193","1.4002","1.7107","1.2951","1.6863","1.1606","1.1821","1.3034","1.419","1.1455","1.1328","1.2554","1.0523","1.1168","1.4872","1.8834","1.9103","2.1688","2.4486","3.6441","3.738","2.119","1.9365","3.4111","2.939","2.0913","1.4751","1.264","1.3475","1.4041","1.2578","1.1452","1.0225","1.0153","1.0945","1.0742","1.0626","1.1239","1.1506","1.2056","1.2477","1.1454","1.1909","1.1292","1.0866","1.0399","1.109","1.1472","1.2188","1.3054","",
"Brazil","BRA","Carbon dioxide (CO2) emissions from Fugitive Emissions (Energy) (Mt CO2e)","EN.GHG.CO2.FE.MT.CE.AR5","","","","","","","","","","","9.6518","9.2617","10.1458","11.6142","13.2248","14.6154","16.1381","18.5073","19.6378","21.6027","21.4254","18.43","17.849","21.0433","24.542","29.7385","27.7962","29.2984","30.5919","30.8735","27.5926","27.2955","27.8081","29.3417","31.9076","32.0366","33.3584","33.8012","33.7244","30.6478","28.7992","27.4996","27.0463","28.0185","28.9077","32.5856","31.3582","32.5534","34.3847","34.7718","32.7178","36.9191","34.5986","36.478","35.9842","34.3775","30.8327","33.8556","31.7006","29.4829","27.8964","27.9513","26.1711","26.219","",
"Barbados","BRB","Carbon dioxide (CO2) emissions from Fugitive Emissions (Energy) (Mt CO2e)","EN.GHG.CO2.FE.MT.CE.AR5","","","","","","","","","","","0","0","0","0","0","0","0","0","0.0001","0.0001","0.0001","0.0001","0.0001","0.0001","0.0003","0.0004","0.0063","0.0062","0.0081","0.0061","0.0252","0.0202","0.0215","0.0204","0.0165","0.0165","0.0134","0.0135","0.0157","0.0164","0.0028","0.0017","0.0021","0.0018","0.0018","0.0013","0.0014","0.0054","0.0053","0.0053","0.0057","0.0053","0.0013","0.0014","0.0007","0.0006","0.0006","0.0011","0.0011","0.001","0.0007","0.0007","0.0006","0.0007","",
"Brunei Darussalam","BRN","Carbon dioxide (CO2) emissions from Fugitive Emissions (Energy) (Mt CO2e)","EN.GHG.CO2.FE.MT.CE.AR5","","","","","","","","","","","1.6034","1.4487","1.7996","2.2616","2.3341","2.4194","2.8172","2.911","2.998","2.6171","3.1172","2.419","2.6269","2.7876","2.6271","2.5032","2.275","2.0996","2.324","2.2036","2.4429","2.9206","3.1436","2.9958","2.8253","2.9812","3.0973","2.9991","2.3663","2.8182","2.901","2.6448","2.1385","2.5776","2.3088","2.1246","2.6991","2.4713","2.7699","2.7407","2.7622","3.1887","2.6408","3.0271","3.32","2.992","3.4173","3.1797","2.8797","2.2029","3.6073","3.4711","3.2001","3.2444","",
"Bhutan","BTN","Carbon dioxide (CO2) emissions from Fugitive Emissions (Energy) (Mt CO2e)","EN.GHG.CO2.FE.MT.CE.AR5","","","","","","","","","","","0","0","0","0","0","0","0","0","0","0","0","0","0","0","0","0","0","0","0","0","0","0","0.0001","0.0003","0.0004","0.0004","0.0003","0.0002","0.0001","0.0001","0.0005","0.0008","0.0008","0.0006","0.0004","0.0008","0.0009","0.0008","0.0008","0.0013","0.0018","0.0014","0.0015","0.0013","0.0013","0.0014","0.0018","0.0025","0.0026","0.0027","0.0025","0.0021","0.002","0.002","",
"Botswana","BWA","Carbon dioxide (CO2) emissions from Fugitive Emissions (Energy) (Mt CO2e)","EN.GHG.CO2.FE.MT.CE.AR5","","","","","","","","","","","0","0","0.0001","0.0002","0.0003","0.0006","0.002","0.0026","0.0028","0.0031","0.0033","0.0034","0.0037","0.0035","0.0035","0.0039","0.0043","0.0043","0.0054","0.0059","0.007","0.0069","0.008","0.0079","0.008","0.0079","0.0067","0.0069","0.0082","0.0083","0.0084","0.0082","0.0084","0.0073","0.0081","0.0087","0.0085","0.0073","0.008","0.0065","0.0087","0.007","0.013","0.0132","0.0151","0.0184","0.0166","0.0196","0.0219","0.0186","0.0167","0.0187","0.0228","0.0234","",
"Central African Republic","CAF","Carbon dioxide (CO2) emissions from Fugitive Emissions (Energy) (Mt CO2e)","EN.GHG.CO2.FE.MT.CE.AR5","","","","","","","","","","","0.0013","0.0013","0.0013","0.0013","0.0015","0.0013","0.0013","0.0013","0.0014","0.0016","0.0018","0.0008","0","0","0","0","0","0","0","0","0","0","0","0","0","0","0","0","0","0","0","0","0","0","0","0","0","0","0","0","0","0","0","0","0","0","0","0","0","0","0","0","0","0","",
"Canada","CAN","Carbon dioxide (CO2) emissions from Fugitive Emissions (Energy) (Mt CO2e)","EN.GHG.CO2.FE.MT.CE.AR5","","","","","","","","","","","37.3903","38.0378","37.5014","39.9855","37.0502","37.4652","36.0287","37.1841","40.2656","37.3063","37.134","34.5642","33.0489","31.7442","35.6952","38.2214","40.6096","40.2654","46.3747","44.1128","45.6438","45.2319","45.588","47.379","49.619","52.3756","54.9207","56.0926","58.538","60.8522","60.936","63.9489","68.8223","72.7081","68.5972","102.0713","103.3706","102.1273","97.2818","99.5011","106.9352","113.005","112.9195","117.1834","120.0245","121.881","120.0612","130.0167","145.29","144.6523","133.5715","137.7086","142.4941","143.2661","",
"Central Europe and the Baltics","CEB","Carbon dioxide (CO2) emissions from Fugitive Emissions (Energy) (Mt CO2e)","EN.GHG.CO2.FE.MT.CE.AR5","","","","","","","","","","","59.86","61.619","61.7963","66.4492","50.8001","52.5418","53.0942","54.9724","58.6827","57.4833","61.8864","59.2551","58.2216","60.4286","62.0596","60.374","59.5667","60.4174","57.6983","60.3689","48.5762","40.9084","44.3737","51.1141","54.8512","54.3438","55.7783","57.7463","54.7513","49.4702","47.3731","47.4942","47.8117","49.05","46.6517","44.5637","47.5057","45.8636","42.5687","36.2505","40.6823","40.0855","38.8282","37.9088","38.7506","40.83","38.7656","39.6451","42.315","38.4064","35.6885","35.757","38.5017","38.2035","",
"Switzerland","CHE","Carbon dioxide (CO2) emissions from Fugitive Emissions (Energy) (Mt CO2e)","EN.GHG.CO2.FE.MT.CE.AR5","","","","","","","","","","","0.7153","0.7708","0.6673","0.9288","1.016","0.9125","0.8394","0.7395","0.7274","0.7228","0.7351","0.7008","0.649","0.6387","0.6526","0.638","0.6084","0.5968","0.55","0.457","0.4164","0.5326","0.5428","0.6162","0.7025","0.6873","0.7279","0.7041","0.7179","0.7424","0.6697","0.717","0.7411","0.688","0.9342","0.9719","1.0954","0.9134","1.0127","0.9596","0.9454","0.8749","0.7774","0.9256","0.9588","0.4563","0.401","0.3918","0.407","0.3713","0.3768","0.3285","0.4102","0.3831","",
"Channel Islands","CHI","Carbon dioxide (CO2) emissions from Fugitive Emissions (Energy) (Mt CO2e)","EN.GHG.CO2.FE.MT.CE.AR5","","","","","","","","","","","","","","","","","","","","","","","","","","","","","","","","","","","","","","","","","","","","","","","","","","","","","","","","","","","","","","","","","",
"Chile","CHL","Carbon dioxide (CO2) emissions from Fugitive Emissions (Energy) (Mt CO2e)","EN.GHG.CO2.FE.MT.CE.AR5","","","","","","","","","","","7.294","9.7223","11.0808","11.2992","9.8337","9.9528","11.4099","8.6327","8.469","9.0357","7.9823","5.4922","4.5366","4.3959","4.3057","4.0278","3.4449","3.4529","3.5741","3.7544","3.3698","3.3888","3.5571","3.4082","3.7778","4.2842","4.9551","4.3855","5.1163","5.0853","4.2263","4.2721","4.8021","4.6929","5.3137","4.8446","4.5603","4.5152","5.43","4.5623","2.74","3.4346","3.4838","3.5755","3.3206","2.6506","2.3805","2.3312","2.5048","2.6876","2.3342","2.8915","2.5752","2.4174","",
"China","CHN","Carbon dioxide (CO2) emissions from Fugitive Emissions (Energy) (Mt CO2e)","EN.GHG.CO2.FE.MT.CE.AR5","","","","","","","","","","","48.3305","48.3227","51.0425","54.3287","57.6671","63.9158","66.3277","71.1205","87.6587","90.7937","104.8287","96.027","97.5703","99.9765","108.7723","117.5527","126.0595","131.5247","136.8815","170.8155","158.2113","164.4496","162.3855","161.0808","194.5275","190.8461","177.8568","222.2191","207.6996","198.2146","238.0018","234.1644","233.717","288.49","277.2923","286.7419","341.0345","369.1347","377.7082","461.1287","521.2978","541.0429","561.9513","593.1965","541.2585","593.8782","548.2552","611.8307","627.8012","713.5968","690.5232","697.8658","678.1146","706.7156","",
"Cote d'Ivoire","CIV","Carbon dioxide (CO2) emissions from Fugitive Emissions (Energy) (Mt CO2e)","EN.GHG.CO2.FE.MT.CE.AR5","","","","","","","","","","","0.0623","0.0623","0.0592","0.1277","0.0979","0.1038","0.1809","0.1245","0.2138","0.2792","0.2612","0.264","0.273","0.2404","0.2314","0.3086","0.2785","0.2104","0.2011","0.1948","0.1762","0.1824","0.2259","0.2726","0.2861","0.3162","0.5686","0.6294","0.5563","0.6654","0.7149","0.7981","0.949","0.3922","0.4079","0.5888","0.2242","0.2564","0.3464","0.3539","0.3066","0.3392","0.3786","0.3253","0.3303","0.3128","0.2859","0.2665","0.3824","0.4116","0.3935","0.3656","0.3853","0.4005","",
"Cameroon","CMR","Carbon dioxide (CO2) emissions from Fugitive Emissions (Energy) (Mt CO2e)","EN.GHG.CO2.FE.MT.CE.AR5","","","","","","","","","","","0","0","0","0","0","0","0","0","0","0","0.0001","0.0001","0.0001","2.1495","2.1007","1.832","3.0044","2.467","0.3665","1.5633","1.6362","1.6362","1.6362","1.8805","2.1392","2.2753","2.495","2.3279","2.344","2.3369","2.3506","2.3439","2.1222","2.1376","1.9364","1.8711","2.0025","2.4351","2.6504","2.6563","2.5464","2.1709","2.0881","1.8886","2.0274","2.322","2.294","2.2079","2.2436","2.1288","1.7737","1.5381","1.4695","1.313","",
"Congo, Dem. Rep.","COD","Carbon dioxide (CO2) emissions from Fugitive Emissions (Energy) (Mt CO2e)","EN.GHG.CO2.FE.MT.CE.AR5","","","","","","","","","","","0.0445","0.0445","0.0446","0.0477","0.0476","0.0417","0.0339","0.0243","0.0169","0.033","0.0265","0.0301","0.018","0.0339","0.0322","0.0263","0.0198","0.0258","0.0317","0.028","0.0778","0.055","0.0388","0.0417","1.1023","1.0405","1.2133","1.2695","1.13","0.9383","0.8336","0.9006","0.9025","1.1086","0.8959","0.8416","0.8012","0.9197","0.8622","0.7472","0.7308","0.6936","0.4211","0.3832","0.4308","0.4091","0.4055","0.3615","0.3041","0.388","0.4505","0.4376","0.3989","0.2213","",
"Congo, Rep.","COG","Carbon dioxide (CO2) emissions from Fugitive Emissions (Energy) (Mt CO2e)","EN.GHG.CO2.FE.MT.CE.AR5","","","","","","","","","","","1.1777","1.4353","1.3252","8.3191","12.2573","7.3252","6.9206","1.8048","0.8116","0.7014","1.1068","1.2914","1.5494","1.6267","1.664","1.6639","1.7008","1.7011","1.7016","1.7024","1.7024","1.7024","1.7029","1.7036","1.7001","2.1466","2.8381","3.058","3.6924","3.7877","3.9969","3.7549","2.3462","2.8077","2.8299","3.4363","3.7492","3.1205","3.0109","3.2979","3.4187","2.7222","2.1863","2.8229","2.4912","2.3265","2.2182","2.2506","3.1317","3.3133","3.5366","3.0098","3.5957","3.3026","",
"Colombia","COL","Carbon dioxide (CO2) emissions from Fugitive Emissions (Energy) (Mt CO2e)","EN.GHG.CO2.FE.MT.CE.AR5","","","","","","","","","","","5.2943","5.5474","5.9836","5.5304","5.8231","5.3926","5.5931","5.9032","7.3745","7.2255","6.6812","7.4138","7.3031","7.946","7.6642","8.0207","7.4039","6.7403","6.6196","6.1563","6.8715","6.9361","6.8124","7.4447","5.8729","6.9159","7.1171","7.7065","9.7238","8.5521","8.6337","8.8366","8.4726","8.3528","8.121","7.697","6.8681","6.9344","6.5397","8.9878","9.1034","9.6612","10.2805","8.648","7.2404","7.0551","7.9121","7.6378","7.7449","7.6333","7.4637","8.8923","9.2754","9.7488","",
"Comoros","COM","Carbon dioxide (CO2) emissions from Fugitive Emissions (Energy) (Mt CO2e)","EN.GHG.CO2.FE.MT.CE.AR5","","","","","","","","","","","0.0004","0.0004","0.0004","0.0004","0.0004","0.0004","0.0004","0.0004","0.0004","0.0005","0.0005","0.0002","0","0","0","0","0","0","0","0","0","0","0","0","0","0","0","0","0","0","0","0","0","0","0","0","0","0","0","0","0","0","0","0","0","0","0","0","0","0","0","0","0","0","",
"Cabo Verde","CPV","Carbon dioxide (CO2) emissions from Fugitive Emissions (Energy) (Mt CO2e)","EN.GHG.CO2.FE.MT.CE.AR5","","","","","","","","","","","0.0027","0.0027","0.0028","0.0028","0.0031","0.0027","0.0027","0.0028","0.0029","0.0033","0.0037","0.0012","0","0","0","0","0","0","0","0","0","0","0","0","0","0","0","0","0","0","0","0","0","0","0","0","0","0","0","0","0","0","0","0","0","0","0","0","0","0","0","0","0","0","",
"Costa Rica","CRI","Carbon dioxide (CO2) emissions from Fugitive Emissions (Energy) (Mt CO2e)","EN.GHG.CO2.FE.MT.CE.AR5","","","","","","","","","","","0.0904","0.0904","0.0966","0.0934","0.081","0.0654","0.0685","0.0718","0.0499","0.081","0.0811","0.0748","0.1469","0.0874","0.0969","0.0937","0.1375","0.1218","0.1283","0.1307","0.1183","0.0624","0.078","0.0655","0.1089","0.0998","0.1182","0.1213","0","0","0","0.0562","0.0876","0.078","0.0685","0.0591","0.0809","0.0809","0.0716","0.0653","0.0685","0.0436","0.0342","0.0311","0.0311","0.0311","0.0078","0.0069","0.0008","0.0098","0","0.0002","0.0002","0.0002","",
"Caribbean small states","CSS","Carbon dioxide (CO2) emissions from Fugitive Emissions (Energy) (Mt CO2e)","EN.GHG.CO2.FE.MT.CE.AR5","","","","","","","","","","","4.5069","4.4746","3.7467","3.7899","4.196","3.4603","3.9732","4.3107","3.7827","3.6777","4.1575","4.7254","3.8444","3.6109","3.6188","3.796","3.693","3.833","3.4279","3.0118","2.7973","2.9078","3.1344","2.97","2.8606","2.3396","2.6722","2.6128","2.4736","2.3084","2.4847","3.2819","3.9507","6.2494","6.3372","7.2908","9.9263","8.8324","9.0121","8.3437","9.5197","9.9472","9.5928","10.2716","9.7645","9.5451","8.9098","7.5863","8.9039","7.793","6.9229","5.5299","5.5414","5.1103","",
"Cuba","CUB","Carbon dioxide (CO2) emissions from Fugitive Emissions (Energy) (Mt CO2e)","EN.GHG.CO2.FE.MT.CE.AR5","","","","","","","","","","","0.1998","0.1998","0.1767","0.8361","0.5875","0.7685","0.7543","1.1735","1.3459","1.3709","1.6986","1.037","1.5274","1.4324","1.5474","1.4769","1.3325","3.1422","3.1572","2.5169","2.5972","2.1239","1.1616","0.9978","0.1765","0.2525","0.3247","0.5443","0.3899","0.3793","0.6767","0.9089","0.54","0.6735","0.5595","0.5443","0.5569","0.4284","0.4375","0.8112","0.4777","0.6985","0.9592","0.7768","0.9493","1.0167","0.6025","0.718","0.9423","0.3075","0.4892","0.5015","0.3786","0.4347","",
"Curacao","CUW","Carbon dioxide (CO2) emissions from Fugitive Emissions (Energy) (Mt CO2e)","EN.GHG.CO2.FE.MT.CE.AR5","","","","","","","","","","","","","","","","","","","","","","","","","","","","","","","","","","","","","","","","","","","","","","","","","","","","","","","","","","","","","","","","","",
"Cayman Islands","CYM","Carbon dioxide (CO2) emissions from Fugitive Emissions (Energy) (Mt CO2e)","EN.GHG.CO2.FE.MT.CE.AR5","","","","","","","","","","","0","0","0","0","0","0","0","0","0","0","0","0","0","0","0","0","0","0","0","0","0","0","0","0","0","0","0","0","0","0","0","0","0","0","0","0","0","0","0","0","0","0","0","0","0","0","0","0","0","0","0","0","0","0","",
"Cyprus","CYP","Carbon dioxide (CO2) emissions from Fugitive Emissions (Energy) (Mt CO2e)","EN.GHG.CO2.FE.MT.CE.AR5","","","","","","","","","","","0","0","0.1147","0.1109","0.0719","0.0447","0.0538","0.0626","0.0507","0.0659","0.069","0.0721","0.0662","0.0721","0.0628","0.0288","0.0494","0.0789","0.088","0.088","0.0857","0.086","0.0891","0.0777","0.1122","0.0902","0.0842","0.0894","0.0925","0.1071","0.1042","0.0542","0.1068","0.1068","0.0257","0","0","0","0","0","0","0","0","0","0.0063","0","0","0","0","0","0.0193","0","0.0016","0","",
"Czechia","CZE","Carbon dioxide (CO2) emissions from Fugitive Emissions (Energy) (Mt CO2e)","EN.GHG.CO2.FE.MT.CE.AR5","","","","","","","","","","","27.6623","27.6623","28.4294","29.4658","13.7536","14.483","14.662","15.2025","15.2507","15.8733","15.525","15.2122","14.055","13.5173","13.5097","10.9291","9.7746","9.1837","8.0487","7.8734","7.3521","7.1502","6.8688","7.5629","7.7748","6.9715","6.663","6.6053","6.3387","5.0001","5.6096","5.2078","5.8211","6.205","6.1302","5.571","6.6682","6.6714","5.7673","4.7707","6.6836","7.2207","7.108","6.6722","6.9105","7.0052","6.8451","6.6164","6.8776","6.3393","5.5789","4.3442","5.6044","5.6951","",
"Germany","DEU","Carbon dioxide (CO2) emissions from Fugitive Emissions (Energy) (Mt CO2e)","EN.GHG.CO2.FE.MT.CE.AR5","","","","","","","","","","","80.7994","76.6188","74.9989","74.0474","70.3648","63.8929","63.4685","60.5216","63.3068","68.0012","68.1669","62.3865","61.1062","71.3788","67.2116","61.3963","55.0297","54.9746","54.6938","62.3931","55.2722","61.8029","47.0044","46.2489","48.1724","45.4163","43.0326","39.7846","42.3651","37.2868","40.418","36.9524","37.2283","34.8054","36.31","34.8583","35.6206","37.0003","34.2688","30.6266","35.5701","34.6285","34.0923","33.9713","34.2125","34.7839","34.2833","34.0835","31.3645","30.9714","27.5327","28.7903","27.5219","24.0193","",
"Djibouti","DJI","Carbon dioxide (CO2) emissions from Fugitive Emissions (Energy) (Mt CO2e)","EN.GHG.CO2.FE.MT.CE.AR5","","","","","","","","","","","0.0129","0.0129","0.0133","0.0133","0.0149","0.0129","0.0129","0.0133","0.0137","0.0157","0.0176","0.0047","0","0","0","0","0","0","0","0","0","0","0","0","0","0","0","0","0","0","0","0","0","0","0","0","0","0","0","0","0","0","0","0","0","0","0","0","0","0","0","0","0","0","",
"Dominica","DMA","Carbon dioxide (CO2) emissions from Fugitive Emissions (Energy) (Mt CO2e)","EN.GHG.CO2.FE.MT.CE.AR5","","","","","","","","","","","0","0","0","0","0","0","0","0","0","0","0","0","0","0","0","0","0","0","0","0","0","0","0","0","0","0","0","0","0","0","0","0","0","0","0","0","0","0","0","0","0","0","0","0","0","0","0","0","0","0","0","0","0","0","",
"Denmark","DNK","Carbon dioxide (CO2) emissions from Fugitive Emissions (Energy) (Mt CO2e)","EN.GHG.CO2.FE.MT.CE.AR5","","","","","","","","","","","0.0957","0.1441","0.1216","0.2771","0.3385","1.2116","1.1351","1.2776","1.4013","1.5549","1.05","1.2019","1.1655","1.2495","1.3706","1.3586","1.5924","1.5888","1.628","1.6785","1.5922","1.8639","2.0656","2.0096","2.0863","2.2439","2.4889","2.4629","2.3812","2.7585","2.6885","2.7104","2.6415","2.7964","2.8211","2.7468","2.7753","2.7863","2.604","2.4753","2.3291","2.3965","2.444","2.3561","2.3324","2.4479","2.2955","2.3591","2.2157","2.1051","1.6694","1.8192","1.7696","1.7551","",
"Dominican Republic","DOM","Carbon dioxide (CO2) emissions from Fugitive Emissions (Energy) (Mt CO2e)","EN.GHG.CO2.FE.MT.CE.AR5","","","","","","","","","","","0","0","0","0.0222","0.0249","0.0305","0.0305","0.0305","0.0277","0.0305","0.0277","0.0277","0.0222","0.0305","0.0305","0.0305","0.0332","0.036","0.0332","0.036","0.0305","0.036","0.036","0.0388","0.0416","0.0416","0.0388","0.0416","0.0388","0.2251","0.1906","0.1919","0.2224","0.2297","0.2255","0.2255","0.2694","0.247","0.2588","0.1825","0.2435","0.1905","0.1669","0.1717","0.1741","0.1593","0.2046","0.1551","0.2164","0.1985","0.3456","0.3939","0.348","0.3862","",
"Algeria","DZA","Carbon dioxide (CO2) emissions from Fugitive Emissions (Energy) (Mt CO2e)","EN.GHG.CO2.FE.MT.CE.AR5","","","","","","","","","","","11.5852","14.8409","26.2586","37.6834","29.6007","24.8647","33.4252","37.3635","39.877","36.8152","34.6818","29.3301","28.7332","29.3017","30.3606","36.7441","36.8693","33.5855","33.6552","34.4138","29.8024","29.9396","38.1209","35.434","35.2716","38.1049","35.8748","33.4359","32.0752","32.7127","34.4116","31.0259","30.3208","32.3157","29.2692","28.1902","29.0607","27.3884","28.1224","24.9225","24.9904","24.0255","30.8832","33.5557","35.8453","34.9434","32.0239","33.2782","31.9099","33.7069","33.4263","30.3184","30.1714","28.4578","",
"East Asia & Pacific (excluding high income)","EAP","Carbon dioxide (CO2) emissions from Fugitive Emissions (Energy) (Mt CO2e)","EN.GHG.CO2.FE.MT.CE.AR5","","","","","","","","","","","58.1006","58.7758","65.2153","71.5783","78.0119","82.1913","85.0504","102.6218","128.3578","134.6974","138.7312","127.8258","129.175","132.0167","143.5076","152.4306","163.5458","170.2379","179.3515","214.5887","217.6247","233.6421","233.2382","229.5027","264.407","263.1172","250.032","304.6976","296.1236","280.6342","314.7175","311.2451","309.1085","374.5659","361.8585","375.6646","430.9186","459.265","477.6145","543.0607","604.7343","631.7073","652.3395","688.0169","639.2738","688.2207","636.0075","678.5029","705.6499","792.056","769.1204","784.0458","762.7771","792.4221","",
"Early-demographic dividend","EAR","Carbon dioxide (CO2) emissions from Fugitive Emissions (Energy) (Mt CO2e)","EN.GHG.CO2.FE.MT.CE.AR5","","","","","","","","","","","252.6162","260.2065","291.7943","348.8897","343.1497","298.3658","341.7293","360.3202","359.4289","344.0371","340.5761","303.4474","334.1979","314.2704","282.7392","291.7402","303.4964","308.0191","318.568","314.6429","346.4831","358.9942","370.2673","368.7406","405.7085","410.7678","429.9172","434.1715","440.9901","444.3156","457.8893","470.1532","474.3351","500.088","514.0151","528.6602","540.2138","530.6745","544.9346","497.9699","528.1144","504.7123","549.3283","546.4649","562.009","557.294","564.4997","577.043","588.8846","595.0926","549.1681","566.0211","593.5135","611.0773","",
"East Asia & Pacific","EAS","Carbon dioxide (CO2) emissions from Fugitive Emissions (Energy) (Mt CO2e)","EN.GHG.CO2.FE.MT.CE.AR5","","","","","","","","","","","128.5827","131.2069","143.8463","157.2032","183.4691","175.3611","184.7826","201.6361","224.0351","232.9447","257.7846","254.5834","260.6122","261.8584","282.7798","296.1615","301.1086","302.6999","320.4494","360.2615","343.768","360.3119","353.2578","352.3643","383.1936","380.8484","370.1878","427.2995","414.1585","400.4088","433.72","426.8854","427.3658","495.6084","486.0827","503.8695","557.1147","594.756","611.5953","671.1914","746.9227","777.8059","796.5189","833.4838","792.0426","836.7863","792.4315","830.4146","857.1146","946.2881","915.4149","930.3217","893.6431","914.4181","",
"Europe & Central Asia (excluding high income)","ECA","Carbon dioxide (CO2) emissions from Fugitive Emissions (Energy) (Mt CO2e)","EN.GHG.CO2.FE.MT.CE.AR5","","","","","","","","","","","42.8619","42.5394","44.8972","47.2884","49.8972","49.0813","51.937","55.259","78.4442","80.053","80.4396","80.5878","81.8084","85.4751","87.4137","90.8835","91.5324","92.8953","98.8867","99.6832","98.1623","89.2113","82.8687","80.1366","74.2311","89.0755","75.8251","77.9081","83.6437","84.7688","97.3105","93.9872","104.2491","109.6265","115.9087","123.0421","121.0796","116.3466","128.9666","122.9293","138.175","139.7248","138.8291","141.9747","84.0551","84.5624","77.3085","84.9834","95.5069","89.8747","76.3805","79.0065","78.6019","79.4104","",
"Europe & Central Asia","ECS","Carbon dioxide (CO2) emissions from Fugitive Emissions (Energy) (Mt CO2e)","EN.GHG.CO2.FE.MT.CE.AR5","","","","","","","","","","","438.1076","433.9019","440.5315","459.0932","448.5454","435.6914","456.2502","456.5889","535.2658","533.7316","530.054","508.9326","499.2615","509.8621","511.3282","517.0625","514.9771","511.6284","541.3458","557.0518","561.1112","537.2819","524.607","510.1858","522.4159","545.6957","522.0112","516.3006","548.5698","540.4668","536.5165","524.9482","536.611","579.2965","585.8805","595.3135","578.0453","585.0031","558.5381","537.1307","555.7654","545.3877","524.6671","504.3275","450.9111","488.279","468.9363","475.0049","475.6203","500.5931","459.6015","479.9934","480.4725","483.9208","",
"Ecuador","ECU","Carbon dioxide (CO2) emissions from Fugitive Emissions (Energy) (Mt CO2e)","EN.GHG.CO2.FE.MT.CE.AR5","","","","","","","","","","","1.3713","0.8298","0.8278","1.5591","1.6863","1.5504","1.6492","1.9278","2.155","2.8434","2.6375","2.6358","2.4744","2.4704","2.9638","2.8474","3.6342","2.2386","3.5729","3.9986","3.8097","3.1513","3.1619","3.4675","3.3675","4.4007","4.9826","4.5858","4.3502","4.2404","4.5116","4.6291","4.2641","4.3409","4.5475","4.4329","4.6493","4.7235","5.0119","5.1655","5.429","5.2496","4.0203","3.9825","4.5168","4.5101","4.5183","4.3661","4.0424","4.1505","4.2112","4.8022","4.9446","5.7068","",
"Egypt, Arab Rep.","EGY","Carbon dioxide (CO2) emissions from Fugitive Emissions (Energy) (Mt CO2e)","EN.GHG.CO2.FE.MT.CE.AR5","","","","","","","","","","","2.872","2.4717","2.2152","2.585","3.7823","3.8718","4.4226","3.417","3.0442","2.3917","1.5104","1.6194","1.8299","2.69","2.9522","3.4729","4.0447","4.7028","5.0647","5.6262","5.8662","6.2972","6.6338","6.9842","7.7732","8.5857","8.7377","9.0421","8.7714","9.3411","11.2246","11.2125","10.3265","12.6953","12.8447","14.9863","15.145","15.4104","16.9788","17.2712","18.4654","17.9935","19.7095","17.7873","17.4375","16.5037","20.3117","19.4475","19.4462","20.9163","20.3051","20.4801","19.886","19.1095","",
"Euro area","EMU","Carbon dioxide (CO2) emissions from Fugitive Emissions (Energy) (Mt CO2e)","EN.GHG.CO2.FE.MT.CE.AR5","","","","","","","","","","","181.3095","180.5978","185.0469","190.5909","193.9989","182.8416","191.5582","182.3781","177.3339","185.5591","188.3084","177.9678","167.3567","171.7537","170.8362","165.7239","162.4452","160.1355","163.648","171.9364","171.6675","177.7434","158.3966","157.8425","160.5616","159.1972","157.1849","152.9254","155.8071","145.3273","153.2405","147.3711","147.8867","147.8241","150.4084","148.8544","152.0494","157.956","153.1656","135.8825","147.6635","142.4995","139.9744","134.0087","131.0995","139.6576","134.5561","138.9295","143.2483","137.6828","119.6914","127.4317","119.5844","110.6937","",
"Eritrea","ERI","Carbon dioxide (CO2) emissions from Fugitive Emissions (Energy) (Mt CO2e)","EN.GHG.CO2.FE.MT.CE.AR5","","","","","","","","","","","0.0407","0.0407","0.0252","0.0213","0.0291","0.031","0.0291","0.0194","0.0291","0.033","0.031","0.031","0.0368","0.0388","0.0349","0.033","0.0368","0.0078","0.0078","0.0078","0.0136","0.0078","0.0475","0.0416","0.0475","0.0416","0.0475","0.0267","0","0","0","0","0","0","0","0","0","0","0","0","0","0","0","0","0","0","0","0","0","0","0","0","0","0","",
"Spain","ESP","Carbon dioxide (CO2) emissions from Fugitive Emissions (Energy) (Mt CO2e)","EN.GHG.CO2.FE.MT.CE.AR5","","","","","","","","","","","7.0437","8.3731","9.3429","10.6876","12.9182","13.4836","14.1174","12.2594","9.9664","11.0402","11.196","10.665","11.4712","10.8566","11.5483","12.1967","13.3328","13.0757","14.4716","14.4898","14.6544","16.0732","14.86","14.5155","14.5115","14.2658","15.5752","15.9608","16.277","16.0415","16.361","14.6034","13.639","17.3832","17.0727","17.5363","20.9793","21.2191","20.0403","17.9736","19.1135","18.1687","21.7067","19.1797","19.332","23.2808","23.9805","22.1456","22.1009","21.0844","19.2608","20.5046","17.86","16.6703","",
"Estonia","EST","Carbon dioxide (CO2) emissions from Fugitive Emissions (Energy) (Mt CO2e)","EN.GHG.CO2.FE.MT.CE.AR5","","","","","","","","","","","0.956","0.956","0.9752","0.9969","1.0182","0.9658","1.0518","1.0818","1.9387","1.9898","1.9853","1.9849","2.0042","2.0028","2.0607","2.1653","2.1918","2.212","2.2403","2.2623","2.397","1.7852","1.5831","1.9696","1.8923","2","2.1069","2.0673","1.5662","1.1516","1.9064","2.0126","1.9955","2.0486","2.112","2.1487","2.1922","2.1592","2.3466","2.5972","3.0868","3.2456","3.3304","3.5894","4.2583","5.4005","3.9808","4.2941","6.4804","4.5191","4.2617","3.8472","3.8211","3.7794","",
"Ethiopia","ETH","Carbon dioxide (CO2) emissions from Fugitive Emissions (Energy) (Mt CO2e)","EN.GHG.CO2.FE.MT.CE.AR5","","","","","","","","","","","0.061","0.061","0.0481","0.0434","0.0623","0.0724","0.0467","0.0394","0.0467","0.0639","0.0786","0.0693","0.0874","0.0913","0.071","0.0764","0.0936","0.1122","0.0998","0.0998","0.1209","0.1029","0.0083","0.0111","0.0111","0.0111","0.0111","0.0055","0","0","0","0","0","0","0","0","0","0","0","0.0002","0.0003","0.0002","0","0","0","0.0001","0.0001","0.0031","0.0081","0.0001","0.0001","0.0001","0.0001","0.0001","",
"European Union","EUU","Carbon dioxide (CO2) emissions from Fugitive Emissions (Energy) (Mt CO2e)","EN.GHG.CO2.FE.MT.CE.AR5","","","","","","","","","","","236.8659","237.743","241.738","250.6163","238.0608","229.4978","238.7118","231.0919","230.3285","236.8992","241.9918","226.9563","215.3568","220.5689","218.9775","212.058","207.6867","205.93","207.0976","220.252","211.705","211.9313","198.6319","203.5806","211.536","209.9211","208.6323","206.9815","207.6122","193.3793","197.8583","190.9216","190.3967","190.5773","190.8005","187.2332","194.9872","198.7887","191.3269","167.0254","182.4937","176.007","172.927","164.9878","163.237","172.3721","166.6114","171.3263","174.5409","168.8166","149.4268","157.5774","151.8348","142.5021","",
"Fragile and conflict affected situations","FCS","Carbon dioxide (CO2) emissions from Fugitive Emissions (Energy) (Mt CO2e)","EN.GHG.CO2.FE.MT.CE.AR5","","","","","","","","","","","132.4536","136.8341","137.8515","157.8143","169.5349","138.7242","156.6965","136.0812","157.3021","196.4208","177.1861","137.8072","134.2127","131.9872","140.5518","144.3717","154.4745","153.1482","153.1362","160.7003","168.8539","165.9957","166.5788","167.5549","176.5747","187.4736","192.1807","186.7503","182.0674","186.0142","202.7302","190.3748","169.2994","177.0753","179.3164","182.8766","170.0289","164.9683","168.8769","162.4425","165.4852","156.7611","174.0761","174.722","172.1539","172.7735","161.7412","169.2765","171.4502","169.3095","146.5921","148.5238","147.274","145.7557","",
"Finland","FIN","Carbon dioxide (CO2) emissions from Fugitive Emissions (Energy) (Mt CO2e)","EN.GHG.CO2.FE.MT.CE.AR5","","","","","","","","","","","1.2944","1.303","1.4208","1.3473","1.5096","1.3358","1.354","1.5539","1.4736","1.5761","1.4989","1.5121","1.325","1.4294","1.3224","1.3807","1.2484","2.2241","1.4649","1.3496","1.8064","1.8946","1.974","2.0208","2.4006","2.8964","2.6526","2.2461","2.411","2.4693","3.8977","3.8697","4.1196","4.0746","4.1867","4.2923","4.4644","4.9704","4.9897","4.3826","4.1711","4.4858","4.1926","4.2858","4.0937","4.1233","3.8807","3.8192","3.7371","3.5825","3.4015","3.2677","3.1683","2.9192","",
"Fiji","FJI","Carbon dioxide (CO2) emissions from Fugitive Emissions (Energy) (Mt CO2e)","EN.GHG.CO2.FE.MT.CE.AR5","","","","","","","","","","","0","0","0","0","0","0","0","0","0","0","0","0","0","0","0","0","0","0","0","0","0","0","0","0","0","0","0","0","0","0","0","0","0","0","0","0","0","0","0","0","0","0","0","0","0","0","0","0","0","0","0","0","0","0","",
"France","FRA","Carbon dioxide (CO2) emissions from Fugitive Emissions (Energy) (Mt CO2e)","EN.GHG.CO2.FE.MT.CE.AR5","","","","","","","","","","","34.1384","38.5099","39.6288","41.109","41.5345","38.8968","42.5297","39.5316","35.8681","36.0258","35.2552","32.382","27.6044","25.2982","23.175","23.8637","21.0765","19.5304","21.3574","21.0369","31.0258","31.8512","31.3301","30.5914","31.0061","32.4395","31.6749","30.8841","30.758","30.769","30.2451","30.3158","29.0359","28.2402","28.791","25.8183","25.2706","26.7923","27.4963","23.7853","22.8018","21.0298","18.8551","17.8289","15.406","16.133","14.6921","19.0903","24.7832","22.699","16.8114","18.259","17.7985","15.0396","",
"Faroe Islands","FRO","Carbon dioxide (CO2) emissions from Fugitive Emissions (Energy) (Mt CO2e)","EN.GHG.CO2.FE.MT.CE.AR5","","","","","","","","","","","","","","","","","","","","","","","","","","","","","","","","","","","","","","","","","","","","","","","","","","","","","","","","","","","","","","","","","",
"Micronesia, Fed. Sts.","FSM","Carbon dioxide (CO2) emissions from Fugitive Emissions (Energy) (Mt CO2e)","EN.GHG.CO2.FE.MT.CE.AR5","","","","","","","","","","","","","","","","","","","","","","","","","","","","","","","","","","","","","","","","","","","","","","","","","","","","","","","","","","","","","","","","","",
"Gabon","GAB","Carbon dioxide (CO2) emissions from Fugitive Emissions (Energy) (Mt CO2e)","EN.GHG.CO2.FE.MT.CE.AR5","","","","","","","","","","","0.1129","0.6162","0.7015","3.2107","3.3583","4.2898","4.6814","4.4348","4.6844","5.0175","4.7912","4.7762","4.6089","4.0107","5.2494","6.0376","4.0457","3.4456","3.4462","5.1405","5.2468","3.8452","3.8309","3.8427","3.8447","4.3261","4.851","4.4484","5.2303","4.9962","5.058","5.1765","4.9935","5.86","5.0993","4.5646","3.8169","3.1659","3.44","3.2954","3.2346","2.7707","2.7256","2.7733","2.9913","3.1516","3.0274","3.2446","2.9352","3.1189","3.177","2.9517","3.061","2.61","",
"United Kingdom","GBR","Carbon dioxide (CO2) emissions from Fugitive Emissions (Energy) (Mt CO2e)","EN.GHG.CO2.FE.MT.CE.AR5","","","","","","","","","","","66.3852","61.2073","58.982","59.9387","54.3025","50.165","49.032","47.878","48.9144","53.3438","42.6494","37.3606","36.5421","38.0432","36.3685","37.2797","38.0705","35.851","35.5003","36.4183","38.5761","38.6787","42.1623","45.2318","46.3997","50.2257","51.0813","52.4879","51.5897","49.2572","47.0934","44.5645","44.6751","44.6682","44.3305","47.4144","44.2377","42.1562","41.5144","37.8468","38.7982","35.4426","34.8072","35.3492","33.418","34.3609","31.876","31.4378","30.6366","30.3912","27.6459","26.7492","25.7593","23.6536","",
"Georgia","GEO","Carbon dioxide (CO2) emissions from Fugitive Emissions (Energy) (Mt CO2e)","EN.GHG.CO2.FE.MT.CE.AR5","","","","","","","","","","","0.0038","0.0038","0.0039","0.004","0.0041","0.0039","0.0042","0.0044","0.0074","0.0076","0.0076","0.0076","0.0077","0.0077","0.0079","0.0083","0.0084","0.0085","0.0086","0.0087","0.0092","0.143","0.1427","0.1175","0.2015","0.1007","0.2265","0.2494","0.2387","0","0","0.2931","0.4537","0.5615","0.6037","0.5271","0.7541","0.6489","0.3848","0.3203","0.3094","0.2932","0.3222","0.1912","0.1806","0.2608","0.2739","0.1906","0.2217","0.1763","0.1864","0.1804","0.1623","0.1448","",
"Ghana","GHA","Carbon dioxide (CO2) emissions from Fugitive Emissions (Energy) (Mt CO2e)","EN.GHG.CO2.FE.MT.CE.AR5","","","","","","","","","","","0.0471","0.0471","0.0693","0.0637","0.133","0.1219","0.1081","0.1081","0.0997","0.0887","0.0997","0.0637","0.0582","0.0277","0.0416","0.0554","0.0499","0.0416","0.0526","0.0526","0.0443","0.0526","0.0526","0.0416","0.0582","0.0499","0.0526","0.0028","0.0416","0.0748","0.0637","0.0693","0.0797","0.0883","0.1583","0.1161","0.1291","0.1322","0.1734","0.0916","0.1066","0.4319","0.0977","0.3176","0.2769","0.2933","0.39","0.7739","0.6104","0.5204","0.9268","1.3627","1.1673","1.1935","",
"Gibraltar","GIB","Carbon dioxide (CO2) emissions from Fugitive Emissions (Energy) (Mt CO2e)","EN.GHG.CO2.FE.MT.CE.AR5","","","","","","","","","","","","","","","","","","","","","","","","","","","","","","","","","","","","","","","","","","","","","","","","","","","","","","","","","","","","","","","","","",
"Guinea","GIN","Carbon dioxide (CO2) emissions from Fugitive Emissions (Energy) (Mt CO2e)","EN.GHG.CO2.FE.MT.CE.AR5","","","","","","","","","","","0.0072","0.0072","0.0075","0.0075","0.0083","0.0072","0.0072","0.0075","0.0077","0.0088","0.0099","0.0032","0","0","0","0","0","0","0","0","0","0","0","0","0","0","0","0","0","0","0","0","0","0","0","0","0","0","0","0","0","0","0","0","0","0","0","0","0","0","0","0","0","0","",
"Gambia, The","GMB","Carbon dioxide (CO2) emissions from Fugitive Emissions (Energy) (Mt CO2e)","EN.GHG.CO2.FE.MT.CE.AR5","","","","","","","","","","","0.0014","0.0014","0.0015","0.0015","0.0016","0.0014","0.0014","0.0015","0.0015","0.0017","0.0019","0.0006","0","0","0","0","0","0","0","0","0","0","0","0","0","0","0","0","0","0","0","0","0","0","0","0","0","0","0","0","0","0","0","0","0","0","0","0","0","0","0","0","0","0","",
"Guinea-Bissau","GNB","Carbon dioxide (CO2) emissions from Fugitive Emissions (Energy) (Mt CO2e)","EN.GHG.CO2.FE.MT.CE.AR5","","","","","","","","","","","0.0008","0.0008","0.0008","0.0008","0.0009","0.0008","0.0008","0.0008","0.0008","0.0009","0.0011","0.0004","0","0","0","0","0","0","0","0","0","0","0","0","0","0","0","0","0","0","0","0","0","0","0","0","0","0","0","0","0","0","0","0","0","0","0","0","0","0","0","0","0","0","",
"Equatorial Guinea","GNQ","Carbon dioxide (CO2) emissions from Fugitive Emissions (Energy) (Mt CO2e)","EN.GHG.CO2.FE.MT.CE.AR5","","","","","","","","","","","0","0","0","0","0","0","0","0","0","0","0","0","0","0","0","0","0","0","0","0","0","0","0","0","1.1282","1.1975","1.286","1.7504","2.1357","2.3156","2.3753","2.7243","2.0521","2.3341","3.014","3.0276","2.9922","3.2623","3.4139","3.0599","3.1606","3.0257","2.3243","2.4007","2.3757","2.1632","1.8979","1.6205","1.4963","1.2823","1.5295","1.2389","1.1248","1.0067","",
"Greece","GRC","Carbon dioxide (CO2) emissions from Fugitive Emissions (Energy) (Mt CO2e)","EN.GHG.CO2.FE.MT.CE.AR5","","","","","","","","","","","0.8679","0.8681","1.0729","1.6769","2.5576","2.1675","1.8209","1.7697","1.6081","2.2328","1.9905","1.7077","1.5752","1.2962","1.2558","1.0902","1.5598","1.805","2.1578","2.4283","2.2598","2.3073","2.2168","2.2719","2.4971","2.5401","2.7496","2.7598","2.7973","2.4553","3.1085","3.1338","3.181","3.0247","3.2638","3.4832","4.0353","4.1037","3.3465","3.1752","3.2524","2.5898","3.4911","4.282","4.3109","4.1275","4.5363","4.6226","4.69","4.2149","4.1045","4.5613","3.9061","4.065","",
"Grenada","GRD","Carbon dioxide (CO2) emissions from Fugitive Emissions (Energy) (Mt CO2e)","EN.GHG.CO2.FE.MT.CE.AR5","","","","","","","","","","","0","0","0","0","0","0","0","0","0","0","0","0","0","0","0","0","0","0","0","0","0","0","0","0","0","0","0","0","0","0","0","0","0","0","0","0","0","0","0","0","0","0","0","0","0","0","0","0","0","0","0","0","0","0","",
"Greenland","GRL","Carbon dioxide (CO2) emissions from Fugitive Emissions (Energy) (Mt CO2e)","EN.GHG.CO2.FE.MT.CE.AR5","","","","","","","","","","","0","0","0","0","0","0","0","0","0","0","0","0","0","0","0","0","0","0","0","0","0","0","0","0","0","0","0","0","0","0","0","0","0","0","0","0","0","0","0","0","0","0","0","0.0095","0.0032","0.0032","0.0064","0.0053","0.0088","0.0091","0.01","0.0104","0.0111","0.0103","",
"Guatemala","GTM","Carbon dioxide (CO2) emissions from Fugitive Emissions (Energy) (Mt CO2e)","EN.GHG.CO2.FE.MT.CE.AR5","","","","","","","","","","","0.1093","0.1093","0.1211","0.1329","0.1329","0.1329","0.1062","0.1004","0.1152","0.1095","0.1067","0.1129","0.1141","0.0959","0.1043","0.1103","0.0915","0.0941","0.089","0.0862","0.0835","0.0834","0.0837","0.052","0.0507","0.0537","0.0572","0.0606","0.0337","0.0417","0.0331","0.0614","0.06","0.048","0.0827","0.0856","0.0789","0.0853","0.0755","0.0819","0.0753","0.1072","0.1235","0.1426","0.1763","0.1891","0.2431","0.2855","0.2726","0.3036","0.2754","0.2692","0.2414","0.2585","",
"Guam","GUM","Carbon dioxide (CO2) emissions from Fugitive Emissions (Energy) (Mt CO2e)","EN.GHG.CO2.FE.MT.CE.AR5","","","","","","","","","","","","","","","","","","","","","","","","","","","","","","","","","","","","","","","","","","","","","","","","","","","","","","","","","","","","","","","","","",
"Guyana","GUY","Carbon dioxide (CO2) emissions from Fugitive Emissions (Energy) (Mt CO2e)","EN.GHG.CO2.FE.MT.CE.AR5","","","","","","","","","","","0","0","0","0","0","0","0","0","0","0","0","0","0","0","0","0","0","0","0","0","0","0","0","0","0","0","0","0","0","0","0","0","0","0","0","0","0","0","0","0","0","0","0","0","0","0","0","0","0","0.0003","0.5643","0.283","0.3823","0.2774","",
"High income","HIC","Carbon dioxide (CO2) emissions from Fugitive Emissions (Energy) (Mt CO2e)","EN.GHG.CO2.FE.MT.CE.AR5","","","","","","","","","","","970.1104","970.4621","1021.1995","1133.7794","1107.7413","1005.9174","1078.9337","1066.1033","1115.7878","1090.9091","1048.2146","969.0335","946.6237","928.4808","933.8518","932.969","926.0146","936.3599","988.896","1007.378","986.9421","984.2688","951.9576","947.4264","973.1975","985.6824","989.8621","989.585","1015.5697","1001.5715","988.494","970.538","1015.2745","1069.7268","1064.976","1092.996","1092.9226","1112.5458","1069.8512","1028.8847","1067.7139","1052.7098","1040.193","1035.552","1063.9988","1102.8983","1086.8547","1083.6681","1111.9663","1155.3308","1081.4841","1110.5598","1107.0611","1110.4589","",
"Hong Kong SAR, China","HKG","Carbon dioxide (CO2) emissions from Fugitive Emissions (Energy) (Mt CO2e)","EN.GHG.CO2.FE.MT.CE.AR5","","","","","","","","","","","0.0336","0.0336","0.0384","0.0411","0.0474","0.0539","0.0631","0.0667","0.0814","0.1083","0.1387","0.2581","0.1669","0.3013","0.4168","0.4254","0.5762","0.1391","0.6355","0.2399","0.015","0.2884","0.8817","0.9076","1.0579","1.0083","0.9338","0.3697","0.3711","0.383","0.4029","0.4133","0.413","0.4178","0.4209","0.4213","0.317","0.2105","0.1975","0.1363","0.1486","0.1587","0.1605","0.1626","0.1605","0.1577","0.1597","0.1578","0.1589","0.2927","0.2454","0.2265","0.2315","0.148","",
"Honduras","HND","Carbon dioxide (CO2) emissions from Fugitive Emissions (Energy) (Mt CO2e)","EN.GHG.CO2.FE.MT.CE.AR5","","","","","","","","","","","0.0757","0.0757","0.0702","0.0702","0.0671","0.064","0.0778","0.0751","0.0809","0.0654","0.0688","0.0391","0.0235","0.0512","0.0774","0.0719","0.0369","0.0515","0.045","0.0316","0.0202","0.017","0.0202","0.0031","0.0031","0.0031","0.0031","0.0031","0.0062","0","0","0","0","0","0","0","0","0","0","0","0","0","0","0","0","0","0","0","0","0","0","0.0217","0.0179","0.0185","",
"Heavily indebted poor countries (HIPC)","HPC","Carbon dioxide (CO2) emissions from Fugitive Emissions (Energy) (Mt CO2e)","EN.GHG.CO2.FE.MT.CE.AR5","","","","","","","","","","","3.1349","4.1429","4.5336","11.1338","14.874","9.9894","9.8879","4.3586","3.781","3.1997","3.6209","3.7685","4.0817","5.9893","5.9625","5.8951","6.854","6.1923","4.3895","5.7912","5.9635","6.1904","6.4364","7.943","9.376","8.2906","9.4475","11.0604","11.0348","10.3026","10.0131","9.7073","8.4669","8.8728","8.717","9.3961","9.506","9.7767","9.7615","9.9286","10.0065","9.3113","8.3371","9.3243","9.3638","9.9125","9.837","9.7138","10.2698","10.0672","10.9739","10.5768","11.9211","10.8005","",
"Croatia","HRV","Carbon dioxide (CO2) emissions from Fugitive Emissions (Energy) (Mt CO2e)","EN.GHG.CO2.FE.MT.CE.AR5","","","","","","","","","","","2.147","2.1887","2.3524","2.4688","3.1236","3.6128","4.2193","3.6617","3.917","4.4015","4.0998","5.8898","5.8675","6.7877","8.3298","8.6013","9.3669","9.4236","8.7066","6.4214","3.793","2.7382","2.1546","2.2703","2.2987","2.3966","2.5639","2.1","2.143","2.0596","2.0962","1.9588","2.1285","2.161","2.1653","2.1277","1.9743","2.1568","1.643","2.0365","1.9102","1.9586","1.6531","1.4475","1.5138","1.4529","1.3011","1.3457","1.311","1.0587","0.8805","0.8995","0.8854","0.9047","",
"Haiti","HTI","Carbon dioxide (CO2) emissions from Fugitive Emissions (Energy) (Mt CO2e)","EN.GHG.CO2.FE.MT.CE.AR5","","","","","","","","","","","0.0032","0.0032","0","0","0","0","0","0.0032","0.0032","0.0032","0.0032","0","0","0","0","0","0","0.0031","0","0","0","0","0","0","0","0","0","0","0","0","0","0","0","0","0","0","0","0","0","0","0","0","0.182","0.1626","0.0313","0.0439","0.0439","0.0469","0.0476","0.0479","0.0174","0.0171","0.0119","0.013","",
"Hungary","HUN","Carbon dioxide (CO2) emissions from Fugitive Emissions (Energy) (Mt CO2e)","EN.GHG.CO2.FE.MT.CE.AR5","","","","","","","","","","","2.7909","3.2048","3.2967","3.5746","3.4181","2.9708","2.8585","2.907","3.1263","3.313","3.4867","3.2282","3.0203","3.1396","2.8466","4.2482","4.3042","4.5281","4.6064","4.1978","3.6817","3.506","3.826","4.1091","3.8812","3.9388","4.2214","4.3938","3.8003","3.8715","2.987","2.8169","2.4147","2.4412","2.2462","2.4846","3.0472","2.5555","2.5483","2.2752","2.3764","2.2987","2.0186","2.1756","2.7404","2.6732","2.7382","3.2974","3.7927","3.5949","3.3786","3.0344","3.4777","3.5606","",
"IBRD only","IBD","Carbon dioxide (CO2) emissions from Fugitive Emissions (Energy) (Mt CO2e)","EN.GHG.CO2.FE.MT.CE.AR5","","","","","","","","","","","455.714","459.4441","480.4422","531.4379","535.1585","520.8523","565.5942","595.0599","710.4011","690.1474","683.5903","641.5277","684.0135","691.8384","709.81","745.7668","765.2986","766.9685","806.0082","840.9181","858.6112","850.1306","861.0445","836.098","907.0483","928.3105","909.0184","965.355","987.1322","987.9838","1029.8899","1034.7913","1042.2662","1172.6543","1188.9184","1225.965","1266.4342","1294.9746","1303.4628","1339.1545","1423.7327","1443.3698","1497.3508","1520.2892","1437.2659","1513.2855","1453.1955","1509.8907","1521.1739","1648.9102","1572.2623","1617.1783","1629.3809","1686.7482","",
"IDA & IBRD total","IBT","Carbon dioxide (CO2) emissions from Fugitive Emissions (Energy) (Mt CO2e)","EN.GHG.CO2.FE.MT.CE.AR5","","","","","","","","","","","485.151","502.7434","535.3284","603.2995","627.9665","587.1924","640.0755","653.4106","768.2684","777.6323","758.7752","697.6824","733.2152","744.1669","764.1354","802.0725","822.0876","823.5492","865.3632","902.7768","921.8979","918.6541","932.3689","910.8197","987.3929","1015.9168","1013.8471","1061.0848","1077.2401","1077.319","1129.7396","1134.1058","1126.0276","1262.0928","1275.4964","1313.053","1349.3545","1372.7557","1379.9669","1410.7659","1498.6672","1516","1560.7176","1584.2935","1499.8292","1571.4678","1508.1622","1567.8228","1592.4188","1719.2201","1631.4928","1676.5352","1686.9127","1743.421","",
"IDA total","IDA","Carbon dioxide (CO2) emissions from Fugitive Emissions (Energy) (Mt CO2e)","EN.GHG.CO2.FE.MT.CE.AR5","","","","","","","","","","","29.437","43.2993","54.8862","71.8616","92.808","66.3401","74.4813","58.3507","57.8673","87.4849","75.1849","56.1547","49.2017","52.3285","54.3254","56.3057","56.789","56.5807","59.355","61.8587","63.2867","68.5235","71.3244","74.7217","80.3446","87.6063","104.8287","95.7298","90.1079","89.3352","99.8497","99.3145","83.7614","89.4385","86.578","87.088","82.9203","77.7811","76.5041","71.6114","74.9345","72.6302","63.3668","64.0043","62.5633","58.1823","54.9667","57.9321","71.2449","70.3099","59.2305","59.3569","57.5318","56.6728","",
"IDA blend","IDB","Carbon dioxide (CO2) emissions from Fugitive Emissions (Energy) (Mt CO2e)","EN.GHG.CO2.FE.MT.CE.AR5","","","","","","","","","","","27.2006","41.0055","52.5751","69.6109","90.4502","63.8664","71.6936","55.1681","54.5724","84.3505","71.5568","51.8762","44.84","47.0046","49.3628","51.7869","52.8665","48.6291","52.845","56.1764","56.0756","60.5295","62.4745","64.5555","67.6151","75.3684","92.3488","83.0125","77.9885","76.2374","86.4729","87.5103","73.0805","78.081","75.37","74.928","69.6467","63.6061","63.6364","57.7901","61.904","60.1619","52.3003","53.3994","51.0934","48.5296","46.4348","47.2625","61.7244","60.1283","47.8169","47.3063","45.0726","45.523","",
"Indonesia","IDN","Carbon dioxide (CO2) emissions from Fugitive Emissions (Energy) (Mt CO2e)","EN.GHG.CO2.FE.MT.CE.AR5","","","","","","","","","","","6.3791","6.7451","9.9729","12.5879","14.4147","11.6258","12.569","25.5302","29.6547","30.5547","21.2478","20.3049","18.6203","16.2457","17.5674","18.2591","19.9853","20.6404","22.7808","21.8413","37.3605","43.6136","46.2995","47.4296","45.6603","51.2588","49.9149","53.5299","61.6277","51.2109","41.609","43.3431","45.0361","47.8957","41.8795","40.8001","39.3748","37.4401","37.2779","37.6461","44.3235","39.4145","35.3595","34.2647","34.6837","33.3397","34.3846","31.3287","31.6215","30.242","29.4757","26.9038","27.5292","29.3372","",
"IDA only","IDX","Carbon dioxide (CO2) emissions from Fugitive Emissions (Energy) (Mt CO2e)","EN.GHG.CO2.FE.MT.CE.AR5","","","","","","","","","","","2.2364","2.2938","2.3111","2.2507","2.3578","2.4737","2.7877","3.1826","3.2949","3.1344","3.6281","4.2785","4.3617","5.3239","4.9626","4.5188","3.9225","7.9516","6.51","5.6823","7.2111","7.994","8.8499","10.1662","12.7295","12.2379","12.4799","12.7173","12.1194","13.0978","13.3768","11.8042","10.6809","11.3575","11.208","12.16","13.2736","14.175","12.8677","13.8213","13.0305","12.4683","11.0665","10.6049","11.4699","9.6527","8.5319","10.6696","9.5205","10.1816","11.4136","12.0506","12.4592","11.1498","",
"Isle of Man","IMN","Carbon dioxide (CO2) emissions from Fugitive Emissions (Energy) (Mt CO2e)","EN.GHG.CO2.FE.MT.CE.AR5","","","","","","","","","","","","","","","","","","","","","","","","","","","","","","","","","","","","","","","","","","","","","","","","","","","","","","","","","","","","","","","","","",
"India","IND","Carbon dioxide (CO2) emissions from Fugitive Emissions (Energy) (Mt CO2e)","EN.GHG.CO2.FE.MT.CE.AR5","","","","","","","","","","","18.9126","19.0238","19.3944","19.495","20.7878","20.564","21.0518","21.6011","20.5105","20.5076","20.965","22.5325","23.6547","25.0144","25.6425","27.2259","28.7691","29.4999","30.8154","31.0392","31.828","32.6112","32.1374","34.38","40.4011","40.9609","41.6644","39.0701","39.1179","47.641","49.6088","48.9975","53.6632","57.0971","69.295","67.9195","74.1894","62.8523","56.3827","51.1822","55.3593","63.1227","73.6685","74.3197","78.7008","80.8822","85.0327","92.0371","94.9074","101.2619","92.2749","91.5567","121.3264","129.1678","",
"Not classified","INX","Carbon dioxide (CO2) emissions from Fugitive Emissions (Energy) (Mt CO2e)","EN.GHG.CO2.FE.MT.CE.AR5","","","","","","","","","","","","","","","","","","","","","","","","","","","","","","","","","","","","","","","","","","","","","","","","","","","","","","","","","","","","","","","","","",
"Ireland","IRL","Carbon dioxide (CO2) emissions from Fugitive Emissions (Energy) (Mt CO2e)","EN.GHG.CO2.FE.MT.CE.AR5","","","","","","","","","","","0.3125","0.3692","0.2618","0.4731","0.4749","0.6617","0.5962","0.627","0.507","0.5008","0.4709","0.3033","0.298","0.3622","0.4701","0.6922","0.7212","0.5166","0.4287","0.4643","0.3702","0.3633","0.3418","0.4131","0.3504","0.3994","0.3887","0.3811","0.4006","0.4451","0.4306","0.5471","0.5661","0.6436","0.6006","0.7358","0.8384","0.7942","0.6794","0.6432","0.6344","0.5702","0.6049","0.6191","0.5874","0.5863","0.5552","0.5593","0.5522","0.5238","0.552","0.5063","0.4792","0.4396","",
"Iran, Islamic Rep.","IRN","Carbon dioxide (CO2) emissions from Fugitive Emissions (Energy) (Mt CO2e)","EN.GHG.CO2.FE.MT.CE.AR5","","","","","","","","","","","44.3446","49.96","56.0125","66.1871","66.5434","59.1056","68.6772","65.2457","62.0693","42.4844","26.5287","20.9988","35.6732","32.94","19.7428","17.4461","17.0064","16.2322","15.8431","11.798","33.039","35.2621","34.0194","32.2046","36.6704","35.574","37.5458","37.7523","35.2797","42.7035","43.42","41.34","42.4242","51.3874","52.5403","59.075","57.5292","56.637","59.632","57.6408","56.6825","56.6418","55.4984","58.3825","61.5112","62.9283","70.2571","79.7986","77.9234","77.4696","77.5071","86.9579","88.9626","97.2834","",
"Iraq","IRQ","Carbon dioxide (CO2) emissions from Fugitive Emissions (Energy) (Mt CO2e)","EN.GHG.CO2.FE.MT.CE.AR5","","","","","","","","","","","12.6815","16.4885","15.1725","17.5863","18.9553","20.6765","26.1853","21.3892","22.425","29.1045","23.0887","9.0438","9.5245","9.9818","12.0305","15.0753","17.2517","14.3488","13.7331","14.4981","12.4405","10.5238","10.2061","9.6173","9.1382","9.3514","8.9857","12.9534","14.5465","16.7137","18.0801","18.0862","16.9427","16.0207","18.8482","17.2882","17.6954","15.9942","18.0575","19.7519","22.0504","22.9677","30.1583","33.1522","40.7737","44.6266","48.4995","49.9988","50.6237","51.6295","48.2853","49.0677","50.7553","47.1753","",
"Iceland","ISL","Carbon dioxide (CO2) emissions from Fugitive Emissions (Energy) (Mt CO2e)","EN.GHG.CO2.FE.MT.CE.AR5","","","","","","","","","","","","","","","","","","","","","","","","","","","","","","","","","","","","","","","","","","","","","","","","","","","","","","","","","","","","","","","","","",
"Israel","ISR","Carbon dioxide (CO2) emissions from Fugitive Emissions (Energy) (Mt CO2e)","EN.GHG.CO2.FE.MT.CE.AR5","","","","","","","","","","","0.5768","0.5768","0.6168","0.6768","0.6815","0.7245","0.6894","0.7983","0.8418","0.7599","0.7255","0.7587","0.9195","0.7734","0.734","1.8925","1.8422","1.9665","2.0195","2.2466","2.2154","2.2434","2.3181","2.6635","2.4706","1.9821","1.5558","1.8234","2.7319","2.5888","2.7879","2.8439","2.6697","2.5048","2.0589","2.0844","2.9665","2.2182","2.2185","2.3026","3.2013","2.08","1.8727","1.8883","1.4286","1.8379","1.9135","1.6564","1.5855","2.2542","2.2967","1.8302","1.9292","1.9638","",
"Italy","ITA","Carbon dioxide (CO2) emissions from Fugitive Emissions (Energy) (Mt CO2e)","EN.GHG.CO2.FE.MT.CE.AR5","","","","","","","","","","","23.0858","23.5946","25.0398","27.6124","30.2583","29.1713","29.8845","29.1062","29.8701","28.7101","30.5708","30.1108","27.5144","27.355","28.2989","27.7728","28.6276","26.2601","25.1613","26.8309","25.0199","23.705","23.9797","23.2312","22.1669","22.6175","21.8059","22.9264","23.3197","21.551","22.2823","19.7891","20.5961","19.3702","19.0442","20.4626","19.3662","20.7935","19.6645","17.3741","19.4918","18.4392","16.2312","12.5881","11.8549","13.1608","11.3376","13.6154","13.5604","13.5866","11.4134","12.3675","11.8844","11.3936","",
"Jamaica","JAM","Carbon dioxide (CO2) emissions from Fugitive Emissions (Energy) (Mt CO2e)","EN.GHG.CO2.FE.MT.CE.AR5","","","","","","","","","","","0.0637","0.0637","0.0637","0.0693","0.061","0.0554","0.0526","0.0418","0.0418","0.0448","0.0418","0.039","0.0362","0.039","0.039","0.039","0.0362","0.0416","0.0416","0.0416","0.2945","0.1082","0.0128","0.0096","0.0158","0.0126","0.0126","0.0126","0.0126","0.0126","0.0094","0.0094","0.0126","0.0126","0.0062","0.0062","0.0062","0.0062","0","0","0","0","0","0","0","0","0","0","0","0","0.0194","0.0071","0.0071","0.0071","",
"Jordan","JOR","Carbon dioxide (CO2) emissions from Fugitive Emissions (Energy) (Mt CO2e)","EN.GHG.CO2.FE.MT.CE.AR5","","","","","","","","","","","1.2838","1.2838","0.5946","0.6978","0.8437","0.8469","0.9802","0.9895","1.2522","1.4522","1.8545","1.9469","1.708","2.1741","2.0981","2.0712","1.9253","2.5601","2.7615","0.5403","0.4419","0.5265","0.4168","0.4168","0.4168","0.4356","0.4826","0.4952","0.514","0.4951","0.4638","0.4105","0.467","0.4827","0.4357","0.4669","0.4732","0.536","0.5486","0.5265","0.4923","0.5422","0.5994","0.5225","0.5775","0.5996","0.6111","0.5654","0.5033","0.497","0.4438","0.3794","0.4563","0.5036","",
"Japan","JPN","Carbon dioxide (CO2) emissions from Fugitive Emissions (Energy) (Mt CO2e)","EN.GHG.CO2.FE.MT.CE.AR5","","","","","","","","","","","50.9294","53.0544","57.1594","62.0199","75.6036","63.831","67.0669","65.1264","61.4717","61.4347","82.554","87.792","90.5419","84.5906","90.0323","88.8633","85.2168","80.6158","84.9701","86.1797","71.5112","69.5446","67.1567","68.5006","66.348","65.5654","65.0572","64.9438","62.0145","64.1221","61.8293","59.5958","59.9044","58.8466","59.3497","62.3358","62.2767","63.2683","59.1799","58.405","60.8887","57.5492","56.8335","57.8187","56.4147","55.263","53.5683","50.9155","52.6914","50.6023","44.2339","46.1495","36.4151","32.2261","",
"Kazakhstan","KAZ","Carbon dioxide (CO2) emissions from Fugitive Emissions (Energy) (Mt CO2e)","EN.GHG.CO2.FE.MT.CE.AR5","","","","","","","","","","","3.2743","3.2726","3.4215","3.5891","3.7509","3.7812","4.0037","4.1292","5.5163","5.652","5.7088","5.7238","5.7707","9.436","9.6054","9.9542","9.4815","9.2979","13.1671","13.0228","7.5387","10.4769","12.1512","10.0802","10.9618","11.7811","11.5493","12.8084","13.9634","13.8522","20.9034","22.0306","32.3399","35.0117","40.2471","42.5043","48.8367","46.4789","55.928","57.8459","67.305","70.5088","66.9374","73.6744","28.1047","21.8596","22.872","22.1984","20.5794","16.8179","17.1987","20.589","20.8288","20.7213","",
"Kenya","KEN","Carbon dioxide (CO2) emissions from Fugitive Emissions (Energy) (Mt CO2e)","EN.GHG.CO2.FE.MT.CE.AR5","","","","","","","","","","","0.1947","0.1947","0.1919","0.176","0.2161","0.2161","0.2009","0.1978","0.2258","0.2072","0.194","0.1729","0.1612","0.1366","0.1366","0.1335","0.208","0.2429","0.228","0.2502","0.2582","0.218","0.2319","0.2319","0.2723","0.2343","0.225","0.2095","0.2178","0.215","0.2576","0.215","0.2008","0.1894","0.2178","0.2091","0.2091","0.2122","0.2008","0.2036","0.2036","0.2205","0.1274","0.0793","0","0","0","0","0","0","0","0","0","0","",
"Kyrgyz Republic","KGZ","Carbon dioxide (CO2) emissions from Fugitive Emissions (Energy) (Mt CO2e)","EN.GHG.CO2.FE.MT.CE.AR5","","","","","","","","","","","0.0063","0.0063","0.0066","0.007","0.0073","0.0077","0.0082","0.0086","0.0089","0.0091","0.0093","0.0094","0.0097","0.0099","0.0101","0.0101","0.0107","0.011","0.0113","0.0111","0.0126","0.0121","0.0076","0.006","0.003","0.0016","0.0014","0.0018","0.0015","0.0014","0.0015","0.0016","0.0016","0.0014","0.0016","0.241","0.1962","0.2012","0.2214","0.1449","0.1223","0.0981","0.2213","0.1055","0.0856","0.0713","0.0257","0.0463","0.0971","0.1442","0.0942","0.0598","0.0659","0.072","",
"Cambodia","KHM","Carbon dioxide (CO2) emissions from Fugitive Emissions (Energy) (Mt CO2e)","EN.GHG.CO2.FE.MT.CE.AR5","","","","","","","","","","","0","0","0","0","0","0","0","0","0","0","0","0","0","0","0","0","0","0","0","0","0","0","0","0","0","0","0","0","0","0","0","0","0","0","0","0","0","0","0","0","0","0","0","0","0","0","0","0","0","0","0","0.0248","0.0002","0.0002","",
"Kiribati","KIR","Carbon dioxide (CO2) emissions from Fugitive Emissions (Energy) (Mt CO2e)","EN.GHG.CO2.FE.MT.CE.AR5","","","","","","","","","","","0","0","0","0","0","0","0","0","0","0","0","0","0","0","0","0","0","0","0","0","0","0","0","0","0","0","0","0","0","0","0","0","0","0","0","0","0","0","0","0","0","0","0","0","0","0","0","0","0","0","0","0","0","0","",
"St. Kitts and Nevis","KNA","Carbon dioxide (CO2) emissions from Fugitive Emissions (Energy) (Mt CO2e)","EN.GHG.CO2.FE.MT.CE.AR5","","","","","","","","","","","0","0","0","0","0","0","0","0","0","0","0","0","0","0","0","0","0","0","0","0","0","0","0","0","0","0","0","0","0","0","0","0","0","0","0","0","0","0","0","0","0","0","0","0","0","0","0","0","0","0","0","0","0","0","",
"Korea, Rep.","KOR","Carbon dioxide (CO2) emissions from Fugitive Emissions (Energy) (Mt CO2e)","EN.GHG.CO2.FE.MT.CE.AR5","","","","","","","","","","","4.7398","4.7398","4.9248","6.4005","7.6291","6.9303","9.649","10.5755","7.9886","11.677","11.5232","14.5206","15.937","19.6278","24.5057","28.2322","26.4498","25.2318","27.8357","29.5417","21.58","21.335","16.7454","17.8659","16.579","17.0062","18.2431","20.6397","20.5881","20.8351","22.9173","22.9772","28.3459","28.1202","29.3088","32.781","29.0643","36.691","39.0941","37.2344","41.1868","47.0255","48.6028","48.2112","57.2599","55.3284","62.3694","56.8037","53.8","55.9816","54.3295","54.2245","48.3151","45.4801","",
"Kuwait","KWT","Carbon dioxide (CO2) emissions from Fugitive Emissions (Energy) (Mt CO2e)","EN.GHG.CO2.FE.MT.CE.AR5","","","","","","","","","","","27.1494","29.3094","28.4512","23.3281","16.7984","12.7542","11.8396","9.9218","11.6898","11.6654","7.3725","4.5271","3.6401","4.527","4.74","5.0235","4.7535","4.5523","5.8797","6.9098","7.1348","30.0839","5.2675","8.5048","12.7213","12.0947","12.0243","13.3749","11.9552","12.6175","12.6562","12.2392","12.7906","15.2065","16.5228","15.892","15.6319","15.775","15.8662","14.4175","14.5164","15.7297","15.7017","16.5489","15.801","16.1758","16.725","15.6944","16.6387","17.4848","18.8599","18.6496","20.2812","21.3514","",
"Latin America & Caribbean (excluding high income)","LAC","Carbon dioxide (CO2) emissions from Fugitive Emissions (Energy) (Mt CO2e)","EN.GHG.CO2.FE.MT.CE.AR5","","","","","","","","","","","54.0007","54.4949","58.8999","63.5292","68.7387","64.5399","67.5473","73.1213","79.572","81.6166","88.9438","88.6115","98.997","89.8677","93.0593","100.4521","98.6684","95.4839","96.7377","96.8808","91.7166","93.654","95.1403","103.8506","106.4409","104.5341","108.8201","118.3699","124.5575","113.9076","116.4688","116.6224","115.2074","122.1363","125.5183","127.8397","126.5065","130.5733","136.5864","137.5145","137.5883","139.6027","146.04","142.2656","141.1402","137.7729","129.0798","124.8151","126.3623","129.7419","124.7276","127.1217","127.166","130.621","",
"Lao PDR","LAO","Carbon dioxide (CO2) emissions from Fugitive Emissions (Energy) (Mt CO2e)","EN.GHG.CO2.FE.MT.CE.AR5","","","","","","","","","","","0","0","0","0","0","0","0","0","0","0","0","0","0","0","0","0","0","0","0","0","0","0","0.0002","0.0001","0.0001","0.0001","0.0002","0.0002","0.0002","0.0003","0.0002","0.0003","0.0004","0.0004","0.0005","0.0006","0.0007","0.0008","0.0011","0.0012","0.0022","0.0024","0.0025","0.0026","0.0028","0.0026","0.0049","0.0049","0.0057","0.0057","0.007","0.0105","0.0088","0.0095","",
"Lebanon","LBN","Carbon dioxide (CO2) emissions from Fugitive Emissions (Energy) (Mt CO2e)","EN.GHG.CO2.FE.MT.CE.AR5","","","","","","","","","","","0.3267","0.3267","0.3205","0.641","0.6223","0.4667","0.4045","0.4667","0.4045","0.2303","0.2489","0.2365","0.0747","0.0778","0.1182","0.0965","0.1742","0.196","0.0933","0.0156","0.0156","0.0622","0.0622","0","0","0","0","0","0","0","0","0","0","0","0","0","0","0","0","0","0","0","0","0","0","0","0","0","0","0","0","0","0","0","",
"Liberia","LBR","Carbon dioxide (CO2) emissions from Fugitive Emissions (Energy) (Mt CO2e)","EN.GHG.CO2.FE.MT.CE.AR5","","","","","","","","","","","0.0168","0.0168","0.0173","0.0173","0.0193","0.0168","0.0168","0.0173","0.0178","0.0204","0.0229","0.0071","0","0","0","0","0","0","0","0","0","0","0","0","0","0","0","0","0","0","0","0","0","0","0","0","0","0","0","0","0","0","0","0","0","0","0","0","0","0","0","0","0","0","",
"Libya","LBY","Carbon dioxide (CO2) emissions from Fugitive Emissions (Energy) (Mt CO2e)","EN.GHG.CO2.FE.MT.CE.AR5","","","","","","","","","","","37.0354","25.1348","16.641","14.7019","7.075","8.8083","11.9839","12.5963","12.6307","13.6648","13.1145","7.2904","8.4899","6.646","5.2214","4.4861","10.5437","8.2965","9.3232","8.6017","12.1882","12.2534","13.3224","14.3661","15.8355","17.2747","18.1522","14.3355","12.8197","12.1351","12.6836","11.5129","11.0971","13.0399","12.722","13.3607","12.9825","12.0459","12.2462","11.1538","11.9476","5.9029","15.1049","11.471","7.8036","6.8789","5.8431","9.7152","11.5486","12.3843","5.7961","13.9132","12.5878","15.6371","",
"St. Lucia","LCA","Carbon dioxide (CO2) emissions from Fugitive Emissions (Energy) (Mt CO2e)","EN.GHG.CO2.FE.MT.CE.AR5","","","","","","","","","","","0","0","0","0","0","0","0","0","0","0","0","0","0","0","0","0","0","0","0","0","0","0","0","0","0","0","0","0","0","0","0","0","0","0","0","0","0","0","0","0","0","0","0","0","0","0","0","0","0","0","0","0","0","0","",
"Latin America & Caribbean","LCN","Carbon dioxide (CO2) emissions from Fugitive Emissions (Energy) (Mt CO2e)","EN.GHG.CO2.FE.MT.CE.AR5","","","","","","","","","","","94.7734","96.2754","100.0335","106.4254","106.9403","95.59","99.2284","101.2886","108.2357","111.5651","117.9813","115.4288","125.1056","113.0291","119.3346","123.82","122.1984","123.0831","120.073","125.097","120.516","127.1687","131.2364","136.6599","153.3328","142.9676","157.4484","167.232","173.1159","164.8778","172.0038","168.6352","165.6057","173.5272","181.1855","183.7075","187.515","191.7048","204.1524","202.2826","197.2061","197.7643","214.4357","215.2074","216.9661","209.2632","198.3516","185.4447","186.7345","185.8705","169.2983","170.607","171.4048","173.5349","",
"Least developed countries: UN classification","LDC","Carbon dioxide (CO2) emissions from Fugitive Emissions (Energy) (Mt CO2e)","EN.GHG.CO2.FE.MT.CE.AR5","","","","","","","","","","","8.419","7.9727","9.0138","10.0908","10.5986","9.9593","6.6353","12.0151","13.0414","13.0992","13.3022","12.5217","12.4082","13.8019","13.4114","13.3573","13.5106","13.6586","13.4701","13.521","9.06","9.4713","9.9679","10.0815","11.4311","12.7887","15.4565","16.5632","17.4606","18.482","17.2109","16.3593","15.5326","16.2578","16.4735","16.6101","16.5327","16.4463","15.3843","16.1607","17.3542","16.9268","15.2618","15.2823","16.8619","16.222","15.6849","15.2909","13.2767","12.7028","12.097","12.064","12.1373","11.0521","",
"Low income","LIC","Carbon dioxide (CO2) emissions from Fugitive Emissions (Energy) (Mt CO2e)","EN.GHG.CO2.FE.MT.CE.AR5","","","","","","","","","","","2.7156","2.773","2.9956","3.1628","3.4696","3.7489","3.2363","3.6682","4.664","4.6417","5.3151","5.7754","6.1288","6.2436","6.4739","6.3016","5.711","9.6471","8.4162","7.5632","9.1337","10.4422","9.491","10.0928","12.3058","11.5995","11.4028","11.2743","10.687","11.5229","12.1743","10.4978","9.3033","9.8859","9.4904","10.2683","10.8314","11.9272","10.5985","11.8381","10.9205","10.0695","8.5356","8.7535","8.893","7.057","5.584","7.2805","6.4249","7.0549","7.5164","7.7276","8.371","7.1145","",
"Liechtenstein","LIE","Carbon dioxide (CO2) emissions from Fugitive Emissions (Energy) (Mt CO2e)","EN.GHG.CO2.FE.MT.CE.AR5","","","","","","","","","","","","","","","","","","","","","","","","","","","","","","","","","","","","","","","","","","","","","","","","","","","","","","","","","","","","","","","","","",
"Sri Lanka","LKA","Carbon dioxide (CO2) emissions from Fugitive Emissions (Energy) (Mt CO2e)","EN.GHG.CO2.FE.MT.CE.AR5","","","","","","","","","","","0.1888","0.1888","0.1944","0.1788","0.1577","0.1484","0.1546","0.1484","0.1453","0.1363","0.1629","0.157","0.1847","0.1235","0.1259","0.1356","0.1477","0.1384","0.1384","0.1304","0.1446","0.1356","0.1107","0.1197","0.1682","0.1083","0.1556","0.1468","0.1583","0.1465","0.1676","0.1462","0.1549","0.1588","0.1833","0.1745","0.4843","0.1718","0.1591","0.0443","0.0388","0.0443","0.036","0.036","0.0416","0.0388","0.0388","0.0365","0.0371","0.0413","0.0369","0.0282","0.0305","0.0268","",
"Lower middle income","LMC","Carbon dioxide (CO2) emissions from Fugitive Emissions (Energy) (Mt CO2e)","EN.GHG.CO2.FE.MT.CE.AR5","","","","","","","","","","","61.092","74.8953","87.4225","106.374","129.9631","102.6004","108.4448","96.4002","96.1109","125.3606","112.5961","94.0233","87.7974","93.782","95.9169","100.7235","103.8745","102.8086","109.0413","111.72","106.9565","113.4511","116.4481","122.4248","132.9617","142.4937","162.7335","153.1641","148.8639","156.3971","168.0117","167.0766","155.4975","166.6872","175.8154","175.849","175.462","157.4504","152.43","141.6959","153.4288","159.4753","164.0255","163.0694","166.334","165.1671","170.6326","177.3988","191.9258","197.5051","174.5047","173.1766","199.7793","207.8112","",
"Low & middle income","LMY","Carbon dioxide (CO2) emissions from Fugitive Emissions (Energy) (Mt CO2e)","EN.GHG.CO2.FE.MT.CE.AR5","","","","","","","","","","","331.1865","346.4269","379.7751","437.3435","462.0353","427.0635","469.1644","480.7776","536.1144","560.7499","540.3384","482.8722","518.229","529.9845","542.7757","576.4111","596.8255","594.9102","620.1517","649.0769","667.7115","680.5196","683.7347","681.4414","729.6849","759.0327","753.8142","808.8853","800.869","795.6311","861.2118","869.1477","860.9139","959.5229","970.9318","1007.162","1057.8602","1071.4667","1107.2747","1132.873","1236.6557","1257.9685","1309.3081","1346.5096","1251.6545","1300.9257","1243.4123","1317.4514","1354.4263","1448.0001","1377.9449","1412.5191","1412.7503","1456.9107","",
"Lesotho","LSO","Carbon dioxide (CO2) emissions from Fugitive Emissions (Energy) (Mt CO2e)","EN.GHG.CO2.FE.MT.CE.AR5","","","","","","","","","","","0.0013","0.0013","0.0013","0.0013","0.0015","0.0013","0.0013","0.0013","0.0014","0.0016","0.0018","0.0006","0","0","0","0","0","0","0","0","0","0","0","0","0","0","0","0","0","0","0","0","0","0","0","0","0","0","0","0","0","0","0","0","0","0","0","0","0","0","0","0","0","0","",
"Late-demographic dividend","LTE","Carbon dioxide (CO2) emissions from Fugitive Emissions (Energy) (Mt CO2e)","EN.GHG.CO2.FE.MT.CE.AR5","","","","","","","","","","","264.2108","279.678","290.4537","309.3229","309.1048","327.8056","352.7457","356.4505","444.4012","411.2242","410.7028","379.1022","376.1765","389.7102","412.4614","427.2281","426.9147","431.2703","465.612","506.5451","492.8863","509.3338","488.1698","469.8171","525.101","526.504","512.0062","561.2632","569.227","566.0683","598.3326","595.8581","604.7312","715.7393","715.9288","738.6075","787.1828","825.152","824.3513","901.6874","957.6448","1006.93","1015.1252","1047.5394","959.1132","1029.0899","966.5364","1004.4086","1021.7504","1136.8664","1108.0731","1144.1399","1130.2347","1176.7981","",
"Lithuania","LTU","Carbon dioxide (CO2) emissions from Fugitive Emissions (Energy) (Mt CO2e)","EN.GHG.CO2.FE.MT.CE.AR5","","","","","","","","","","","1.0933","1.0933","1.1693","1.2526","1.3376","1.3957","1.4544","1.5076","1.6563","1.698","1.7454","1.7609","1.7735","1.7741","1.7616","1.7621","1.7613","1.8095","1.8126","1.7981","1.7745","1.9204","1.0688","1.4683","1.0969","0.9259","1.0999","1.3345","1.6076","1.1594","1.2312","1.5359","1.5351","1.5589","1.782","1.9131","1.6041","1.4675","1.9224","1.8129","1.6641","1.6316","1.5229","1.5503","1.3861","1.5698","1.5821","1.549","1.4823","1.4778","1.3556","1.3334","1.3433","1.4655","",
"Luxembourg","LUX","Carbon dioxide (CO2) emissions from Fugitive Emissions (Energy) (Mt CO2e)","EN.GHG.CO2.FE.MT.CE.AR5","","","","","","","","","","","1.3069","1.1487","1.0597","1.1183","0.9147","0.6521","0.689","0.663","0.579","0.6302","0.4833","0.4735","0.3918","0.2678","0.3744","0.3037","0.2961","0.2231","0.156","0.149","0.267","0.3019","0.355","0.345","0.2754","0.1016","0.1516","0.0534","0.0049","0.0003","0","0","0","0","0","0","0","0","0","0","0","0","0","0","0","0","0","0","0","0","0","0","0","0","",
"Latvia","LVA","Carbon dioxide (CO2) emissions from Fugitive Emissions (Energy) (Mt CO2e)","EN.GHG.CO2.FE.MT.CE.AR5","","","","","","","","","","","0.0328","0.0328","0.0335","0.0342","0.035","0.0332","0.0361","0.0372","0.0666","0.0683","0.0682","0.0682","0.0688","0.0688","0.0708","0.0744","0.0753","0.076","0.0769","0.0777","0.0823","0.1677","0.1666","0.1277","0.0984","0.1051","0.0905","0.0949","0.2051","0.1938","0.1511","0.03","0.035","0.0444","0.033","0.0094","0.015","0.0188","0.0213","0.0358","0.0151","0.0283","0.0283","0.0154","0.0329","0.0189","0.0255","0.0285","0.0299","0.0356","0.0254","0.0244","0.0242","0.024","",
"Macao SAR, China","MAC","Carbon dioxide (CO2) emissions from Fugitive Emissions (Energy) (Mt CO2e)","EN.GHG.CO2.FE.MT.CE.AR5","","","","","","","","","","","0","0","0","0","0","0","0","0","0","0","0","0","0","0","0","0","0","0","0","0","0","0","0","0","0","0","0","0","0","0","0","0","0","0","0","0","0","0","0","0","0.0049","0.0028","0","0","0.0611","0.0047","0.0233","0.2678","0.097","0.1724","0.3218","0.1556","0.1464","0.1478","",
"St. Martin (French part)","MAF","Carbon dioxide (CO2) emissions from Fugitive Emissions (Energy) (Mt CO2e)","EN.GHG.CO2.FE.MT.CE.AR5","","","","","","","","","","","","","","","","","","","","","","","","","","","","","","","","","","","","","","","","","","","","","","","","","","","","","","","","","","","","","","","","","",
"Morocco","MAR","Carbon dioxide (CO2) emissions from Fugitive Emissions (Energy) (Mt CO2e)","EN.GHG.CO2.FE.MT.CE.AR5","","","","","","","","","","","0.1014","0.1014","0.1023","0.148","0.1972","0.1079","0.1087","0.2105","0.2026","0.2617","0.2496","0.2283","0.2697","0.2985","0.3212","0.2919","0.3103","0.302","0.288","0.3002","0.2817","0.2542","0.2822","0.2963","0.3105","0.2939","0.2981","0.3137","0.321","0.3807","0.3577","0.363","0.327","0.2355","0.4506","0.5916","0.4536","0.4898","0.477","0.8558","1.3127","1.3273","1.2041","1.2013","1.2463","0.6028","0.0156","0.0145","0.0151","0.0135","0.0128","0.0101","0.0075","0.0075","",
"Monaco","MCO","Carbon dioxide (CO2) emissions from Fugitive Emissions (Energy) (Mt CO2e)","EN.GHG.CO2.FE.MT.CE.AR5","","","","","","","","","","","","","","","","","","","","","","","","","","","","","","","","","","","","","","","","","","","","","","","","","","","","","","","","","","","","","","","","","",
"Moldova","MDA","Carbon dioxide (CO2) emissions from Fugitive Emissions (Energy) (Mt CO2e)","EN.GHG.CO2.FE.MT.CE.AR5","","","","","","","","","","","0.0273","0.0273","0.0279","0.0285","0.0291","0.0276","0.0301","0.0309","0.0554","0.0569","0.0568","0.0568","0.0573","0.0573","0.0589","0.0619","0.0627","0.0632","0.0641","0.0647","0.0685","0.0687","0.1413","0.2202","0.1739","0.255","0.2444","0.1802","0.2361","0.2163","0.1754","0.1613","0.1469","0.1575","0.118","0.1556","0.1657","0.1714","0.1612","0.1762","0.1128","0.1055","0.1048","0.1482","0.1532","0.132","0.1159","0.1127","0.1032","0.0694","0.0582","0.0563","0.0454","0.0371","",
"Madagascar","MDG","Carbon dioxide (CO2) emissions from Fugitive Emissions (Energy) (Mt CO2e)","EN.GHG.CO2.FE.MT.CE.AR5","","","","","","","","","","","0","0","0","0","0","0","0","0","0","0","0","0","0","0","0","0","0","0","0","0","0","0","0","0","0","0","0","0","0","0","0","0","0","0","0","0.0334","0.0334","0.0364","0.0424","0.0455","0.0515","0.0546","0.0576","0.0637","0.0667","0.0728","0","0","0","0","0","0","0","0","",
"Maldives","MDV","Carbon dioxide (CO2) emissions from Fugitive Emissions (Energy) (Mt CO2e)","EN.GHG.CO2.FE.MT.CE.AR5","","","","","","","","","","","0","0","0","0","0","0","0","0","0","0","0","0","0","0","0","0","0","0","0","0","0","0","0","0","0","0","0","0","0","0","0","0","0","0","0","0","0","0","0","0","0","0","0","0","0","0","0","0","0","0","0","0","0","0","",
"Middle East, North Africa, Afghanistan & Pakistan","MEA","Carbon dioxide (CO2) emissions from Fugitive Emissions (Energy) (Mt CO2e)","EN.GHG.CO2.FE.MT.CE.AR5","","","","","","","","","","","215.696","238.9017","267.1611","319.1004","300.2878","279.9442","336.307","324.5758","320.0771","284.711","253.9611","184.3424","185.7629","169.9679","137.0976","137.8213","141.9074","138.9309","143.728","139.5756","151.874","177.7304","161.8022","162.9533","179.1012","181.782","186.4675","190.2668","184.909","199.5005","208.5408","197.9717","194.5453","215.5937","217.8945","226.6561","231.4231","228.2871","238.4919","231.2727","242.8487","241.673","271.495","281.8121","298.6542","298.9298","308.5476","323.6043","327.3442","328.2199","323.0695","339.6532","343.465","352.8341","",
"Mexico","MEX","Carbon dioxide (CO2) emissions from Fugitive Emissions (Energy) (Mt CO2e)","EN.GHG.CO2.FE.MT.CE.AR5","","","","","","","","","","","22.8884","23.4887","25.3905","27.597","31.6344","26.4519","26.535","28.3446","31.2209","29.8746","37.7758","40.9321","50.7952","38.5683","37.9619","39.6569","39.3947","35.4312","33.5378","34.0668","33.2898","35.8909","37.9207","43.9193","46.8114","44.506","46.3787","52.1565","55.845","49.296","53.9794","53.9862","54.0826","59.6473","61.8173","62.0176","63.0604","62.8783","64.7948","63.8363","64.0228","62.8732","68.6362","67.0966","63.5646","62.1431","57.0105","50.8589","54.3363","58.6364","55.9512","57.375","58.4938","60.3095","",
"Marshall Islands","MHL","Carbon dioxide (CO2) emissions from Fugitive Emissions (Energy) (Mt CO2e)","EN.GHG.CO2.FE.MT.CE.AR5","","","","","","","","","","","","","","","","","","","","","","","","","","","","","","","","","","","","","","","","","","","","","","","","","","","","","","","","","","","","","","","","","",
"Middle income","MIC","Carbon dioxide (CO2) emissions from Fugitive Emissions (Energy) (Mt CO2e)","EN.GHG.CO2.FE.MT.CE.AR5","","","","","","","","","","","328.4709","343.6539","376.7795","434.1807","458.5657","423.3146","465.9281","477.1094","531.4504","556.1082","535.0233","477.0968","512.1002","523.7409","536.3018","570.1095","591.1145","585.2631","611.7355","641.5137","658.5778","670.0774","674.2437","671.3486","717.3791","747.4332","742.4114","797.611","790.182","784.1082","849.0375","858.6499","851.6106","949.637","961.4414","996.8937","1047.0288","1059.5395","1096.6762","1121.0349","1225.7352","1247.899","1300.7725","1337.7561","1242.7615","1293.8687","1237.8283","1310.1709","1348.0014","1440.9452","1370.4285","1404.7915","1404.3793","1449.7962","",
"North Macedonia","MKD","Carbon dioxide (CO2) emissions from Fugitive Emissions (Energy) (Mt CO2e)","EN.GHG.CO2.FE.MT.CE.AR5","","","","","","","","","","","0.0006","0.0006","0.0006","0.0006","0.0007","0.0007","0.0007","0.0007","0.0008","0.0008","0.0008","0.001","0.0011","0.0012","0.0013","0.0013","0.0013","0.0013","0.0013","0.0013","0.0014","0.0015","0.0015","0.0015","0.0015","0.0016","0.0016","0.0015","0.0515","0.0016","0.0014","0.0016","0.0015","0.0016","0.0015","0.0332","0.0336","0.0397","0.0591","0.0558","0.0743","0.0744","0.0736","0.0305","0.0021","0.0022","0.0021","0.0019","0.0024","0.004","0.0031","0.0031","0.0035","0.0037","",
"Mali","MLI","Carbon dioxide (CO2) emissions from Fugitive Emissions (Energy) (Mt CO2e)","EN.GHG.CO2.FE.MT.CE.AR5","","","","","","","","","","","0.0039","0.0039","0.004","0.004","0.0045","0.0039","0.0039","0.004","0.0041","0.0047","0.0053","0.0024","0","0","0","0","0","0","0","0","0","0","0","0","0","0","0","0","0","0","0","0","0","0","0","0","0","0","0","0","0","0","0","0","0","0","0","0","0","0","0","0","0","0","",
"Malta","MLT","Carbon dioxide (CO2) emissions from Fugitive Emissions (Energy) (Mt CO2e)","EN.GHG.CO2.FE.MT.CE.AR5","","","","","","","","","","","0","0","0","0","0","0","0","0","0","0","0","0","0","0","0","0","0","0","0","0","0","0","0","0","0","0","0","0","0","0","0","0","0","0","0","0","0","0","0","0","0","0","0","0","0","0","0","0.0237","0.0006","0.0007","0.0001","0.0017","0.0017","0.0017","",
"Myanmar","MMR","Carbon dioxide (CO2) emissions from Fugitive Emissions (Energy) (Mt CO2e)","EN.GHG.CO2.FE.MT.CE.AR5","","","","","","","","","","","0.162","0.162","0.1715","0.1382","0.1611","0.1678","0.2026","0.2032","0.2082","0.2156","0.2399","0.2528","0.2715","0.2747","0.3239","0.3865","0.4241","0.3736","0.3679","0.3586","0.3251","0.3331","0.3914","0.3576","0.4521","0.4237","0.4046","0.52","0.4305","0.5265","0.4711","0.5256","0.5631","0.5563","0.6775","0.7373","0.8033","0.8291","0.8473","0.797","0.782","0.7493","0.824","0.8638","0.9425","0.9465","1.1151","1.2306","1.1024","1.1163","1.0864","1.0781","1.011","1.008","",
"Middle East, North Africa, Afghanistan & Pakistan (excluding high income)","MNA","Carbon dioxide (CO2) emissions from Fugitive Emissions (Energy) (Mt CO2e)","EN.GHG.CO2.FE.MT.CE.AR5","","","","","","","","","","","111.8658","112.3004","119.2835","142.1107","129.6021","120.7746","148.3099","144.4192","144.8239","129.3378","105.0228","75.1773","90.6135","89.0867","77.2213","84.1557","92.2504","88.6369","87.8116","82.2371","101.1856","104.3823","113.0882","111.4038","119.4814","123.4376","124.0549","121.4211","116.846","128.8969","137.8885","129.2215","122.6339","137.1084","138.2232","145.5329","145.7775","142.5758","148.6124","146.1246","150.2877","140.8731","165.7803","170.4268","179.0275","178.1106","186.9079","203.4646","203.0967","207.3117","197.4329","213.1129","214.633","219.4468","",
"Montenegro","MNE","Carbon dioxide (CO2) emissions from Fugitive Emissions (Energy) (Mt CO2e)","EN.GHG.CO2.FE.MT.CE.AR5","","","","","","","","","","","","","","","","","","","","","","","","","","","","","","","","","","","","","","","","","","","","","","","","","","","","","","","","","","","","","","","","","",
"Mongolia","MNG","Carbon dioxide (CO2) emissions from Fugitive Emissions (Energy) (Mt CO2e)","EN.GHG.CO2.FE.MT.CE.AR5","","","","","","","","","","","0.0031","0.0031","0.0026","0.0031","0.0034","0.0041","0.0046","0.0055","0.0065","0.0063","0.0064","0.006","0.0069","0.007","0.0077","0.0076","0.008","0.0099","0.0106","0.0104","0.009","0.0255","0.0268","0.0226","0.016","0.0153","0.0028","0.0026","0.0027","0.0027","0.0028","0.0028","0.003","0.0029","0.0032","0.0577","0.3377","0.2198","0.2416","0.2764","0.6329","0.4983","0.5377","0.747","1.384","0.6916","0.8998","1.4872","1.4206","2.2122","1.3481","1.7545","1.8524","2.3201","",
"Northern Mariana Islands","MNP","Carbon dioxide (CO2) emissions from Fugitive Emissions (Energy) (Mt CO2e)","EN.GHG.CO2.FE.MT.CE.AR5","","","","","","","","","","","","","","","","","","","","","","","","","","","","","","","","","","","","","","","","","","","","","","","","","","","","","","","","","","","","","","","","","",
"Mozambique","MOZ","Carbon dioxide (CO2) emissions from Fugitive Emissions (Energy) (Mt CO2e)","EN.GHG.CO2.FE.MT.CE.AR5","","","","","","","","","","","0.1058","0.1058","0.0996","0.1033","0.0662","0.0583","0.0518","0.0653","0.0792","0.0765","0.0922","0.0684","0.0672","0.0379","0.0159","0.0003","0","0.0004","0.0004","0.0005","0.0004","0.0004","0.0004","0.0004","0.0004","0.0004","0.0002","0.0002","0.0002","0.0002","0.0001","0.0003","0.0004","0.0003","0.0002","0.0001","0.0004","0.0003","0.0122","0.0122","0.0122","0.1491","0.2621","0.2241","0.2756","0.2627","0.2613","0.3511","0.4358","0.3544","0.3519","0.5053","1.4198","1.0451","",
"Mauritania","MRT","Carbon dioxide (CO2) emissions from Fugitive Emissions (Energy) (Mt CO2e)","EN.GHG.CO2.FE.MT.CE.AR5","","","","","","","","","","","0.0054","0.0054","0.0056","0.0056","0.0062","0.0054","0.0054","0.0056","0.0058","0.0066","0.0074","0.0024","0","0","0","0","0","0","0","0","0","0","0","0","0","0","0","0","0","0","0","0","0","0","0","0.0011","0.1333","0.1238","0.0632","0.054","0.0487","0.0488","0.1064","0.11","0.0701","0.0816","0.095","0.0774","0","0","0","0","0","0","",
"Mauritius","MUS","Carbon dioxide (CO2) emissions from Fugitive Emissions (Energy) (Mt CO2e)","EN.GHG.CO2.FE.MT.CE.AR5","","","","","","","","","","","","","","","","","","","","","","","","","","","","","","","","","","","","","","","","","","","","","","","","","","","","","","","","","","","","","","","","","",
"Malawi","MWI","Carbon dioxide (CO2) emissions from Fugitive Emissions (Energy) (Mt CO2e)","EN.GHG.CO2.FE.MT.CE.AR5","","","","","","","","","","","0.0039","0.0039","0.004","0.004","0.0045","0.0039","0.0039","0.004","0.0041","0.0047","0.0053","0.0021","0","0","0","0","0","0","0","0","0.0005","0.0005","0.0005","0.0005","0.0005","0.0005","0.0005","0.0005","0.0005","0.0006","0.0008","0.0005","0.0006","0.0006","0.0005","0.0004","0.0005","0.0006","0.0006","0.0006","0.0006","0.0008","0.0007","0.0006","0.0006","0.0006","0.0004","0.0004","0.0005","0.0005","0.0005","0.0003","0.0008","0.0009","",
"Malaysia","MYS","Carbon dioxide (CO2) emissions from Fugitive Emissions (Energy) (Mt CO2e)","EN.GHG.CO2.FE.MT.CE.AR5","","","","","","","","","","","0.4354","0.7524","0.9812","0.9781","1.8745","2.2315","2.6582","2.4729","6.5306","8.1364","7.3649","6.1345","7.4819","10.144","12.1008","9.9574","10.5275","10.275","11.4349","13.4161","12.5244","16.6701","16.5294","12.845","15.5313","11.8497","12.0906","18.8765","13.9774","17.1704","19.5228","19.0356","15.4272","22.4776","25.4083","28.5115","29.2864","29.7816","36.1315","27.0814","17.8906","30.2122","25.6486","28.1874","33.0905","33.5884","26.9055","11.0625","20.2807","18.6347","24.6251","35.7068","35.6316","33.4359","",
"North America","NAC","Carbon dioxide (CO2) emissions from Fugitive Emissions (Energy) (Mt CO2e)","EN.GHG.CO2.FE.MT.CE.AR5","","","","","","","","","","","387.9896","365.1084","383.4738","443.5139","418.158","352.7499","370.8639","372.0509","375.015","370.1179","317.8043","294.0115","293.562","284.7915","302.314","301.0642","307.7147","326.9516","341.8477","339.645","340.5274","329.4535","334.245","336.2759","339.694","345.8517","352.8715","352.2287","356.4563","347.6292","352.4115","347.0794","383.4927","389.2068","378.9691","398.7834","409.1578","408.8635","401.5335","388.0531","402.6903","386.4618","390.9931","402.0606","411.1996","417.1427","405.3242","411.5047","444.3002","458.5727","416.6886","427.962","437.0174","442.6857","",
"Namibia","NAM","Carbon dioxide (CO2) emissions from Fugitive Emissions (Energy) (Mt CO2e)","EN.GHG.CO2.FE.MT.CE.AR5","","","","","","","","","","","0.0129","0.0129","0.0133","0.0133","0.0149","0.0129","0.0129","0.0133","0.0137","0.0157","0.0176","0.0059","0","0","0","0","0","0","0","0","0","0","0","0","0","0","0","0","0","0","0","0","0","0","0","0","0","0","0","0","0","0","0","0","0","0","0","0","0","0","0","0","0","0","",
"New Caledonia","NCL","Carbon dioxide (CO2) emissions from Fugitive Emissions (Energy) (Mt CO2e)","EN.GHG.CO2.FE.MT.CE.AR5","","","","","","","","","","","0","0","0","0","0","0","0","0","0","0","0","0","0","0","0","0","0","0","0","0","0","0","0","0","0","0","0","0","0","0","0","0","0","0","0","0","0","0","0","0","0","0","0","0","0","0","0","0","0","0","0","0","0","0","",
"Niger","NER","Carbon dioxide (CO2) emissions from Fugitive Emissions (Energy) (Mt CO2e)","EN.GHG.CO2.FE.MT.CE.AR5","","","","","","","","","","","0","0","0","0","0","0","0","0","0","0","0","0","0","0","0","0.0001","0","0.0001","0.0001","0.0001","0.0334","0.0334","0.0376","0.0876","0.0001","0.0001","0.0001","0.0001","0.0001","0.0001","0.0076","0.0136","0.0088","0.0064","0.0076","0.0076","0.0056","0.0076","0.0104","0.0124","0.0324","0.0293","0.1227","0.2051","0.184","0.1169","0.1132","0.0955","0.1101","0.0772","0.0927","0.1767","0.1552","0.1552","",
"Nigeria","NGA","Carbon dioxide (CO2) emissions from Fugitive Emissions (Energy) (Mt CO2e)","EN.GHG.CO2.FE.MT.CE.AR5","","","","","","","","","","","22.9925","36.5405","48.0547","57.873","74.633","53.1577","61.3054","49.4918","48.8868","78.3866","64.9601","45.0375","37.8346","37.2599","40.4156","42.694","41.8591","37.7951","44.2629","46.5249","47.062","50.3151","52.7898","53.8086","54.6006","60.1296","71.2654","63.7736","56.8725","54.595","60.9591","61.8254","50.711","56.7319","53.5743","52.3219","46.0414","40.8708","40.233","36.84","38.807","40.296","31.9797","32.0116","30.9465","29.8015","27.9596","29.2627","27.9334","28.6138","26.4327","24.0813","20.6293","21.2523","",
"Nicaragua","NIC","Carbon dioxide (CO2) emissions from Fugitive Emissions (Energy) (Mt CO2e)","EN.GHG.CO2.FE.MT.CE.AR5","","","","","","","","","","","0.0605","0.0605","0.0699","0.0851","0.082","0.0757","0.0692","0.0661","0.0509","0.0422","0.0481","0.0509","0.054","0.0512","0.0453","0.0419","0.045","0.0419","0.0419","0.0481","0.0571","0.0633","0.054","0.0571","0.0602","0.0633","0.0633","0.0637","0.0637","0.0814","0.0787","0.0897","0.0699","0.0914","0.1029","0.1002","0.072","0.0805","0.0639","0.0481","0.0952","0.0868","0.0624","0.0834","0.0866","0.0534","0.197","0.0922","0.0882","0.0988","0.1008","0.1137","0.0924","0.0953","",
"Netherlands","NLD","Carbon dioxide (CO2) emissions from Fugitive Emissions (Energy) (Mt CO2e)","EN.GHG.CO2.FE.MT.CE.AR5","","","","","","","","","","","12.9205","13.0869","13.6051","14.5324","13.914","12.3696","11.6361","11.2195","10.9644","11.5929","11.6183","11.5346","11.0601","6.8901","7.748","8.3436","10.0301","10.5541","12.9499","14.3199","12.7599","13.4437","13.3863","13.7794","14.2524","13.9819","14.2367","13.6991","13.4876","12.4545","12.7907","12.8829","12.5642","12.9005","13.7089","13.8859","13.3942","14.2157","14.2449","12.2139","12.7141","13.5805","13.2176","12.671","12.7606","13.7504","13.298","12.6216","13.0308","13.7798","12.0381","13.3718","11.9017","11.2765","",
"Norway","NOR","Carbon dioxide (CO2) emissions from Fugitive Emissions (Energy) (Mt CO2e)","EN.GHG.CO2.FE.MT.CE.AR5","","","","","","","","","","","0.3986","0.7616","2.3937","2.3706","2.7642","3.0668","3.5869","4.4212","3.7026","3.833","5.096","4.1498","4.4985","5.0974","4.7202","5.335","7.265","6.3957","6.6161","7.3298","9.118","7.9478","11.0806","12.2634","13.0043","12.3019","10.7747","13.245","14.0559","15.393","11.0558","11.1429","11.2334","12.0948","12.2167","12.1971","12.3778","12.4764","13.9932","13.7436","13.2066","12.7619","12.751","13.526","13.55","14.4528","13.9229","14.1136","13.5834","13.1445","12.7581","12.4392","11.7893","11.7009","",
"Nepal","NPL","Carbon dioxide (CO2) emissions from Fugitive Emissions (Energy) (Mt CO2e)","EN.GHG.CO2.FE.MT.CE.AR5","","","","","","","","","","","0","0","0","0","0","0","0","0","0","0","0","0","0","0","0","0","0","0","0","0","0","0","0","0","0","0","0","0","0","0","0.0002","0.0001","0.0001","0.0001","0.0001","0.0001","0.0002","0.0001","0.0001","0.0002","0.0002","0.0002","0.0002","0.0002","0.0002","0.0002","0.0002","0.0002","0","0.0001","0.0001","0.0001","0.0001","0.0001","",
"Nauru","NRU","Carbon dioxide (CO2) emissions from Fugitive Emissions (Energy) (Mt CO2e)","EN.GHG.CO2.FE.MT.CE.AR5","","","","","","","","","","","","","","","","","","","","","","","","","","","","","","","","","","","","","","","","","","","","","","","","","","","","","","","","","","","","","","","","","",
"New Zealand","NZL","Carbon dioxide (CO2) emissions from Fugitive Emissions (Energy) (Mt CO2e)","EN.GHG.CO2.FE.MT.CE.AR5","","","","","","","","","","","0.4593","0.3958","0.5413","0.605","0.6609","0.572","0.6219","0.6728","0.8072","0.9013","1.013","1.0059","0.8715","0.829","0.7603","1.139","1.7375","1.947","1.9038","1.8739","2.1999","2.2273","2.3974","2.4794","2.4252","2.4009","2.4416","2.1798","1.4492","1.4078","1.4717","1.4566","1.5082","1.445","1.481","1.5628","1.5934","1.6356","1.6963","1.7385","1.8154","1.8347","1.9108","1.807","1.946","2.1374","1.9919","2.1547","1.9736","1.9374","1.4942","1.0842","0.9204","0.9773","",
"OECD members","OED","Carbon dioxide (CO2) emissions from Fugitive Emissions (Energy) (Mt CO2e)","EN.GHG.CO2.FE.MT.CE.AR5","","","","","","","","","","","790.4524","768.7042","798.6155","877.1114","856.7283","760.2864","795.833","789.2708","788.1088","795.6665","764.7854","727.9297","729.391","712.0318","732.9416","734.0319","731.6852","738.0335","761.9199","776.1687","756.4821","748.3007","737.6067","754.7479","763.4122","772.0345","781.3763","790.0041","799.8014","771.0047","779.4251","761.0194","799.1429","816.4106","811.7821","835.7172","850.0448","860.9316","851.9889","811.7235","855.2765","830.6934","837.7894","842.3653","848.7455","863.4851","847.7707","848.7721","883.7415","901.3094","823.2443","845.9339","832.8029","820.3326","",
"Oman","OMN","Carbon dioxide (CO2) emissions from Fugitive Emissions (Energy) (Mt CO2e)","EN.GHG.CO2.FE.MT.CE.AR5","","","","","","","","","","","7.0616","7.0616","7.0596","7.0622","7.2722","25.1037","27.637","27.3918","22.1765","19.504","10.6129","11.8871","9.6722","10.7647","7.6743","4.3361","5.5807","5.0996","6.0829","5.8075","8.4865","8.026","8.7837","9.575","8.7493","8.4424","8.8742","10.2353","9.9555","11.0851","11.3215","11.2553","11.3668","12.1316","11.7413","11.4762","11.1949","10.5157","10.4914","10.4169","9.8622","10.251","10.7063","11.717","12.1829","12.2704","12.7121","13.7887","13.4022","14.3894","14.8183","15.7011","15.171","15.1702","",
"Other small states","OSS","Carbon dioxide (CO2) emissions from Fugitive Emissions (Energy) (Mt CO2e)","EN.GHG.CO2.FE.MT.CE.AR5","","","","","","","","","","","2.5776","2.4229","2.9083","3.3882","3.4451","3.4481","3.941","4.0742","5.0085","4.6967","5.1981","4.4846","4.699","4.8636","4.7519","4.699","4.518","4.3922","4.654","4.5556","4.9273","4.7931","4.8169","5.0439","4.8321","5.0736","5.29","5.1596","4.0914","4.2432","5.1425","4.8382","4.3498","4.8368","4.7945","4.4509","5.0623","4.765","5.2311","5.4623","5.9476","6.5564","6.3089","6.9125","7.7924","8.5737","7.5471","7.6513","9.4911","6.8052","7.9573","7.3762","7.0929","7.0625","",
"Pakistan","PAK","Carbon dioxide (CO2) emissions from Fugitive Emissions (Energy) (Mt CO2e)","EN.GHG.CO2.FE.MT.CE.AR5","","","","","","","","","","","0.3177","0.3177","0.5193","0.541","0.6242","0.6375","0.3865","0.622","0.7324","0.8919","1.1979","1.3953","1.1491","1.7236","0.9295","1.157","1.3431","1.6826","1.7382","2.0448","1.2286","2.4292","2.1019","3.1397","3.5211","3.5713","3.6571","2.9422","2.6918","3.517","5.9143","5.6911","2.5228","2.5622","3.1834","2.9373","3.1805","4.1029","3.4774","3.6395","4.6883","2.5316","4.2294","6.2274","5.9707","5.614","5.4132","4.9518","6.243","5.1277","5.461","5.7002","5.6962","5.7461","",
"Panama","PAN","Carbon dioxide (CO2) emissions from Fugitive Emissions (Energy) (Mt CO2e)","EN.GHG.CO2.FE.MT.CE.AR5","","","","","","","","","","","0.3853","0.3853","0.4078","0.3878","0.3963","0.4608","0.3227","0.3489","0.4049","0.3945","0.3184","0.2371","0.2464","0.2828","0.2811","0.243","0.2101","0.2599","0.1917","0.1983","0.0919","0.0725","0.114","0.114","0.0752","0.1256","0.1948","0.1394","0.1394","0.1422","0.1422","0.1422","0.1358","0","0","0","0","0","0","0","0","0","0","0","0","0","0","0","0","0","0","0","0","0","",
"Peru","PER","Carbon dioxide (CO2) emissions from Fugitive Emissions (Energy) (Mt CO2e)","EN.GHG.CO2.FE.MT.CE.AR5","","","","","","","","","","","1.9506","1.7709","1.8107","1.8939","2.1144","1.8451","1.9796","1.9968","2.0842","2.3422","2.1883","2.2415","2.226","1.7981","1.96","1.7395","1.9396","1.8863","1.8808","1.6256","1.6674","1.5368","1.4732","1.8695","1.7828","1.9507","2.4122","2.0891","1.6396","2.0536","2.0696","2.0959","1.9706","1.7253","2.0318","2.3281","2.1112","2.0382","2.322","2.9696","4.1307","4.3795","4.0503","2.6466","5.3496","4.4092","4.2322","3.2953","2.7436","2.7583","2.5684","2.8306","3.1023","3.1508","",
"Philippines","PHL","Carbon dioxide (CO2) emissions from Fugitive Emissions (Energy) (Mt CO2e)","EN.GHG.CO2.FE.MT.CE.AR5","","","","","","","","","","","1.266","1.266","1.2707","1.49","1.5873","1.6333","1.4868","1.3904","1.49","2.0426","1.941","1.8936","1.8499","1.8509","1.1563","1.3318","1.3771","2.1431","2.3791","2.6151","1.5684","1.4606","1.685","1.6844","1.7113","1.9066","2.1674","2.1262","2.2249","2.4214","2.8054","2.4007","2.3677","2.7109","2.1377","2.0305","1.5615","1.6086","1.3572","1.3219","1.4911","1.45","1.6259","1.465","1.7098","1.6256","1.3789","1.3602","1.3944","1.5581","1.1936","0.8005","0.784","0.7943","",
"Palau","PLW","Carbon dioxide (CO2) emissions from Fugitive Emissions (Energy) (Mt CO2e)","EN.GHG.CO2.FE.MT.CE.AR5","","","","","","","","","","","0.0041","0.0041","0.0041","0.0041","0.0041","0.0041","0.0041","0.0041","0.0041","0.0041","0.0041","0.0042","0.0042","0.0043","0.0048","0.0039","0.0042","0.0044","0.0042","0.0044","0.0045","0.0044","0.004","0.0041","0.0062","0.0047","0.0044","0.0036","0.0031","0.0053","0.0037","0.0036","0.0011","0.0012","0.0012","0.0029","0.0032","0.0022","0.0015","0.0028","0.0019","0.0016","0.0016","0.0011","0.0007","0.0009","0.0009","0.0009","0.0008","0.0008","0.0009","0.0009","0.0009","0.0008","",
"Papua New Guinea","PNG","Carbon dioxide (CO2) emissions from Fugitive Emissions (Energy) (Mt CO2e)","EN.GHG.CO2.FE.MT.CE.AR5","","","","","","","","","","","0","0","0","0","0","0","0","0","0","0","0","0","0","0","0","0","0","0","0","0","0.0199","0.0221","0.0235","0.0239","0.0314","0.023","0.0263","0.0586","0.7205","0.1369","0.3014","0.1495","0.1971","0.1669","0.2288","0.6448","0.8066","0.5005","0.8065","0.2085","0.0652","0.0596","0.1083","0.1126","0.6915","0.4011","0.4299","0.2612","0.3449","0.4148","0.8458","0.4464","0.4661","0.4349","",
"Poland","POL","Carbon dioxide (CO2) emissions from Fugitive Emissions (Energy) (Mt CO2e)","EN.GHG.CO2.FE.MT.CE.AR5","","","","","","","","","","","15.5655","16.8696","14.7252","17.0866","16.5985","16.8305","18.3727","19.3037","22.1338","19.9428","21.7519","18.6611","18.9142","19.6649","18.8517","18.1198","18.2475","19.3676","19.1325","17.9492","14.973","12.2801","12.4842","13.9289","16.4495","18.7281","20.6366","19.1005","17.9855","16.9152","16.2837","15.0648","13.3761","14.5666","12.6151","11.0341","11.5545","12.8468","12.3298","10.4687","11.6989","11.7618","11.7069","11.2208","10.878","11.8104","11.2452","11.2547","11.0967","11.1482","10.762","11.1865","12.136","11.9281","",
"Pre-demographic dividend","PRE","Carbon dioxide (CO2) emissions from Fugitive Emissions (Energy) (Mt CO2e)","EN.GHG.CO2.FE.MT.CE.AR5","","","","","","","","","","","44.9795","62.1458","73.2816","93.5938","116.2632","90.883","100.8457","84.3234","84.8987","121.0357","102.0433","67.2125","60.5464","62.9703","68.3824","73.633","76.3538","68.9121","72.6114","76.7773","70.9095","72.6409","75.3243","75.8086","77.9993","86.0448","100.6927","98.3842","95.1459","95.3899","102.2011","102.3699","87.3327","92.7939","93.0117","90.3337","83.2935","76.0219","77.3694","75.4568","81.1566","82.419","78.399","82.0683","89.2287","93.6897","95.5909","97.2279","95.156","95.6741","89.477","86.5951","85.8182","81.8072","",
"Puerto Rico (US)","PRI","Carbon dioxide (CO2) emissions from Fugitive Emissions (Energy) (Mt CO2e)","EN.GHG.CO2.FE.MT.CE.AR5","","","","","","","","","","","0.0002","0.0002","0.0002","0.0002","0.0002","0.0002","0.0002","0.0002","0.0002","0.0002","0.0002","0.0002","0.0002","0.0002","0.0002","0.0002","0.0002","0.0002","0.0002","0.0002","0.001","0.0026","0.0014","0.003","0.0022","0.0012","0.0017","0.0022","0.0014","0.0007","0.0105","0.0091","0.0121","0.0123","0.012","0.0111","0.0111","0.0119","0.0119","0.0122","0.0117","0.012","0.0113","0.012","0.0122","0.013","0.013","0.0021","0.0023","0.0025","0.0024","0.0026","0.0025","0.003","",
"Korea, Dem. People's Rep.","PRK","Carbon dioxide (CO2) emissions from Fugitive Emissions (Energy) (Mt CO2e)","EN.GHG.CO2.FE.MT.CE.AR5","","","","","","","","","","","1.35","1.35","1.567","1.8113","2.0784","2.3655","1.5365","1.6147","2.5238","2.6533","2.8408","2.8516","3.0996","3.1893","3.2","3.291","3.2921","3.293","3.2939","3.375","3.3747","3.8739","2.0524","1.6782","1.2305","0.8944","0.4062","0.3672","0.327","0.2722","0.2961","0.3187","0.3089","0.3171","0.3316","0.3532","0.3477","0.3134","0.3295","0.3294","0.3358","0.3319","0.3253","0.3437","0.3438","0.3439","0.3799","0.3313","0.2837","0.312","0.296","0.2508","0.261","0.2405","",
"Portugal","PRT","Carbon dioxide (CO2) emissions from Fugitive Emissions (Energy) (Mt CO2e)","EN.GHG.CO2.FE.MT.CE.AR5","","","","","","","","","","","1.2014","1.3039","1.4266","1.5231","1.3344","1.2911","1.2931","1.228","1.3809","1.3707","1.4481","1.6941","1.5627","1.7739","1.5999","1.3764","1.6521","1.5205","1.6682","1.8992","1.7529","1.5395","1.6669","1.9105","2.5372","2.6744","2.6257","2.7456","2.3513","2.7859","2.4419","2.4422","2.2969","2.67","2.4152","2.727","2.4902","2.499","2.8906","2.7427","2.33","1.931","2.1003","2.9774","2.2161","2.6426","2.7731","2.6216","2.3551","2.2094","2.0775","1.6629","1.983","1.7907","",
"Paraguay","PRY","Carbon dioxide (CO2) emissions from Fugitive Emissions (Energy) (Mt CO2e)","EN.GHG.CO2.FE.MT.CE.AR5","","","","","","","","","","","0.0222","0.0222","0.0286","0.0286","0.0286","0.0286","0.0286","0.0349","0.0413","0.0445","0.0445","0.0254","0.0222","0.0159","0.0191","0.0159","0.0159","0.0191","0.0254","0.0222","0.0254","0.0222","0.0254","0.0191","0","0","0","0","0","0","0","0","0","0","0","0","0","0","0","0","0","0","0","0","0","0","0","0","0","0","0","0","0","0","",
"West Bank and Gaza","PSE","Carbon dioxide (CO2) emissions from Fugitive Emissions (Energy) (Mt CO2e)","EN.GHG.CO2.FE.MT.CE.AR5","","","","","","","","","","","","","","","","","","","","","","","","","","","","","","","","","","","","","","","","","","","","","","","","","","","","","","","","","","","","","","","","","",
"Pacific island small states","PSS","Carbon dioxide (CO2) emissions from Fugitive Emissions (Energy) (Mt CO2e)","EN.GHG.CO2.FE.MT.CE.AR5","","","","","","","","","","","0.0041","0.0041","0.0041","0.0041","0.0041","0.0041","0.0041","0.0041","0.0041","0.0041","0.0041","0.0042","0.0042","0.0043","0.0048","0.0039","0.0042","0.0044","0.0042","0.0044","0.0045","0.0044","0.004","0.0041","0.0062","0.0047","0.0044","0.0036","0.0031","0.0053","0.0037","0.0036","0.0011","0.0012","0.0012","0.0029","0.0032","0.0022","0.0015","0.0028","0.0019","0.0016","0.0016","0.0011","0.0007","0.0009","0.0009","0.0009","0.0008","0.0008","0.0009","0.0009","0.0009","0.0008","",
"Post-demographic dividend","PST","Carbon dioxide (CO2) emissions from Fugitive Emissions (Energy) (Mt CO2e)","EN.GHG.CO2.FE.MT.CE.AR5","","","","","","","","","","","767.7588","741.7389","771.0415","846.4076","824.7284","732.8285","768.4754","760.4395","778.8608","791.8802","751.5408","718.2721","711.1017","706.1834","730.9112","731.8899","732.0592","742.8564","768.1123","779.4481","766.6564","750.7059","730.7906","740.6276","734.0581","752.7035","741.4591","745.9992","751.5416","734.5276","739.5924","715.2066","750.9354","760.696","756.4786","785.8084","786.1406","799.4699","783.1492","738.0577","784.3862","761.0906","761.5749","764.6338","767.5767","782.5825","761.0656","772.976","809.1318","820.9172","747.6273","761.0022","745.9968","732.7104","",
"French Polynesia","PYF","Carbon dioxide (CO2) emissions from Fugitive Emissions (Energy) (Mt CO2e)","EN.GHG.CO2.FE.MT.CE.AR5","","","","","","","","","","","0","0","0","0","0","0","0","0","0","0","0","0","0","0","0","0","0","0","0","0","0","0","0","0","0","0","0","0","0","0","0","0","0","0","0","0","0","0","0","0","0","0","0","0","0","0","0","0","0","0","0","0","0","0","",
"Qatar","QAT","Carbon dioxide (CO2) emissions from Fugitive Emissions (Energy) (Mt CO2e)","EN.GHG.CO2.FE.MT.CE.AR5","","","","","","","","","","","12.2263","15.8249","19.2832","20.8931","17.3791","14.6032","15.2875","12.5215","14.7179","10.8663","7.225","3.197","3.305","1.7154","5.4216","4.3011","4.3789","4.5822","4.8607","4.7193","5.137","6.0443","6.4842","6.4617","6.3801","6.1978","7.5787","11.3873","12.2047","14.7093","13.2822","12.3299","12.5395","14.3504","15.5162","16.6151","18.8633","21.9186","23.2562","25.1951","29.3048","37.9768","43.1252","45.8402","47.9121","48.3626","46.7825","44.3013","46.5524","46.6475","46.7229","47.5967","46.7276","50.691","",
"Romania","ROU","Carbon dioxide (CO2) emissions from Fugitive Emissions (Energy) (Mt CO2e)","EN.GHG.CO2.FE.MT.CE.AR5","","","","","","","","","","","4.4858","4.4851","5.7222","6.4406","6.243","6.8041","4.7067","5.0803","5.574","5.3894","6.3599","5.7541","5.6847","6.3535","6.3796","6.3504","5.5913","5.7489","5.685","11.9896","7.8947","5.1323","8.7467","10.6145","14.2144","12.1513","11.1811","14.3594","13.2533","9.9413","9.6115","10.5898","12.0873","10.748","10.7514","10.9147","11.3408","9.046","8.6825","5.9324","6.2587","5.3796","5.0038","4.366","4.154","3.5245","3.6719","3.9046","3.7178","3.3054","3.0131","2.82","2.8793","2.5508","",
"Russian Federation","RUS","Carbon dioxide (CO2) emissions from Fugitive Emissions (Energy) (Mt CO2e)","EN.GHG.CO2.FE.MT.CE.AR5","","","","","","","","","","","90.8807","90.8798","91.8533","97.9504","102.5047","102.968","112.1431","117.1993","173.1487","158.8798","159.1421","159.1773","160.4067","160.0388","163.1957","170.8683","169.8141","169.9596","192.6951","192.9115","203.1334","188.9802","189.3207","168.3572","176.5423","183.4842","174.9699","164.974","190.9504","196.9261","182.5288","183.615","185.3156","221.6417","221.6899","224.4548","204.2676","214.3218","181.7243","194.626","182.1465","180.5765","164.5754","147.5547","155.689","182.0713","178.8101","172.7704","160.9373","197.9864","193.0035","203.8839","212.0676","226.2621","",
"Rwanda","RWA","Carbon dioxide (CO2) emissions from Fugitive Emissions (Energy) (Mt CO2e)","EN.GHG.CO2.FE.MT.CE.AR5","","","","","","","","","","","0","0","0","0","0","0","0","0","0","0","0","0","0","0","0","0","0","0","0","0","0","0","0","0","0.0042","0.0042","0.0042","0.0042","0","0","0","0","0","0","0","0","0","0","0","0","0","0","0","0","0","0","0","0","0","0","0","0","0","0","",
"South Asia","SAS","Carbon dioxide (CO2) emissions from Fugitive Emissions (Energy) (Mt CO2e)","EN.GHG.CO2.FE.MT.CE.AR5","","","","","","","","","","","19.2287","19.3399","19.7161","19.7953","21.0047","20.8456","21.3514","21.9804","20.8767","20.8747","21.3579","23.2072","24.3148","26.625","26.611","27.9444","29.4616","30.3084","31.4528","31.805","32.5675","33.3298","32.8863","35.5268","41.3514","41.814","42.5003","40.1477","40.1874","48.6971","50.4417","49.8717","54.565","58.0671","70.3013","68.8885","75.5846","63.9849","57.5473","52.2914","56.5841","64.3684","74.9594","74.7926","80.0305","82.244","86.3596","93.3771","96.2361","102.6208","93.5969","92.9436","122.6899","130.5224","",
"Saudi Arabia","SAU","Carbon dioxide (CO2) emissions from Fugitive Emissions (Energy) (Mt CO2e)","EN.GHG.CO2.FE.MT.CE.AR5","","","","","","","","","","","38.4406","49.5238","65.7868","90.8504","94.3547","72.9616","92.0576","92.6478","83.5253","87.2601","98.9319","72.0862","63.1324","49.2631","22.6134","21.4598","21.3073","24.8636","29.9336","31.2536","21.4487","20.3323","19.0045","17.2716","21.7616","21.557","23.8747","24.1255","23.8967","22.4198","23.0023","22.7073","25.3975","26.9439","26.7902","27.7048","29.526","27.4018","30.0299","25.3244","27.4452","26.6571","25.8484","26.4515","33.9267","33.0507","34.7207","35.5973","36.5043","31.1772","34.2535","34.2913","36.0682","35.4118","",
"Sudan","SDN","Carbon dioxide (CO2) emissions from Fugitive Emissions (Energy) (Mt CO2e)","EN.GHG.CO2.FE.MT.CE.AR5","","","","","","","","","","","0.0111","0.0111","0.0139","0.0139","0.0166","0.0139","0.0139","0.0166","0.0139","0.0139","0.0139","0.0111","0.0083","0.0111","0.0083","0.0083","0.0111","0.0055","0.0111","0.0083","0.0111","0.0139","0.0111","0.0055","0.0787","0.0607","0.0698","0.0948","0.0875","0.193","0.4155","0.379","0.5512","0.6038","0.8182","0.9676","1.0588","1.3317","1.199","1.314","1.3803","1.2298","0.8964","1.1435","1.2554","1.5144","1.2588","1.1931","1.0941","0.982","0.8674","0.8367","0.7475","0.61","",
"Senegal","SEN","Carbon dioxide (CO2) emissions from Fugitive Emissions (Energy) (Mt CO2e)","EN.GHG.CO2.FE.MT.CE.AR5","","","","","","","","","","","0.0564","0.0564","0.0443","0.0564","0.0505","0.0803","0.0623","0.054","0.1055","0.1055","0.0654","0.0623","0.0446","0.0239","0.0356","0.0304","0.0446","0.0446","0.0194","0.0111","0.0194","0.0111","0.0166","0.0166","0.0055","0.0166","0.0166","0.0222","0.0249","0.0249","0.0277","0.0305","0.0305","0.0388","0.0416","0.0332","0.0139","0.0305","0.0305","0.0277","0.0222","0.0277","0.0277","0.0305","0.0249","0.0388","0.0416","0.0513","0.0355","0.0817","0.0277","0.1313","0.1269","0.1278","",
"Singapore","SGP","Carbon dioxide (CO2) emissions from Fugitive Emissions (Energy) (Mt CO2e)","EN.GHG.CO2.FE.MT.CE.AR5","","","","","","","","","","","1.6053","1.6053","2.4634","2.5617","2.8677","2.5094","2.6067","2.8984","3.5091","3.7873","3.694","4.0002","3.9514","4.2982","4.1786","3.9634","3.8809","3.712","4.8066","5.1064","8.7904","9.8851","10.1337","10.6732","11.1124","9.9709","10.8218","10.8233","10.1546","9.3144","8.7887","8.5801","8.5362","7.0547","8.3439","6.9893","6.8326","6.7938","6.8056","4.5896","4.622","5.5866","5.5092","5.1191","4.6334","4.8577","4.9929","5.3601","5.3028","4.97","4.1441","4.2093","4.6361","4.4746","",
"Solomon Islands","SLB","Carbon dioxide (CO2) emissions from Fugitive Emissions (Energy) (Mt CO2e)","EN.GHG.CO2.FE.MT.CE.AR5","","","","","","","","","","","0","0","0","0","0","0","0","0","0","0","0","0","0","0","0","0","0","0","0","0","0","0","0","0","0","0","0","0","0","0","0","0","0","0","0","0","0","0","0","0","0","0","0","0","0","0","0","0","0","0","0","0","0","0","",
"Sierra Leone","SLE","Carbon dioxide (CO2) emissions from Fugitive Emissions (Energy) (Mt CO2e)","EN.GHG.CO2.FE.MT.CE.AR5","","","","","","","","","","","0.0065","0.0065","0.0067","0.0067","0.0074","0.0065","0.0065","0.0067","0.0068","0.0078","0.0088","0.003","0","0","0","0","0","0","0","0","0","0","0","0","0","0","0","0","0","0","0","0","0","0","0","0","0","0","0","0","0","0","0","0","0","0","0","0","0","0","0","0","0","0","",
"El Salvador","SLV","Carbon dioxide (CO2) emissions from Fugitive Emissions (Energy) (Mt CO2e)","EN.GHG.CO2.FE.MT.CE.AR5","","","","","","","","","","","0.0696","0.0696","0.0658","0.0751","0.093","0.0896","0.0958","0.0865","0.0948","0.0969","0.083","0.0688","0.0598","0.0623","0.0647","0.074","0.0709","0.0768","0.0713","0.0277","0.0194","0.0474","0.0277","0.0332","0.0443","0.0471","0.0499","0.0443","0.0443","0.0471","0.0471","0.0471","0.0416","0.0388","0.0388","0.0388","0.0416","0.0416","0.036","0.0416","0.036","0.036","0.0332","0","0","0","0","0","0","0","0","0","0","0","",
"San Marino","SMR","Carbon dioxide (CO2) emissions from Fugitive Emissions (Energy) (Mt CO2e)","EN.GHG.CO2.FE.MT.CE.AR5","","","","","","","","","","","","","","","","","","","","","","","","","","","","","","","","","","","","","","","","","","","","","","","","","","","","","","","","","","","","","","","","","",
"Somalia, Fed. Rep.","SOM","Carbon dioxide (CO2) emissions from Fugitive Emissions (Energy) (Mt CO2e)","EN.GHG.CO2.FE.MT.CE.AR5","","","","","","","","","","","0.0102","0.0102","0.0105","0.0105","0.0117","0.0102","0.0102","0.0105","0.0108","0.0124","0.0139","0.0054","0","0","0","0","0","0","0","0","0","0","0","0","0","0","0","0","0","0","0","0","0","0","0","0","0","0","0","0","0","0","0","0","0","0","0","0","0","0","0","0","0","0","",
"Serbia","SRB","Carbon dioxide (CO2) emissions from Fugitive Emissions (Energy) (Mt CO2e)","EN.GHG.CO2.FE.MT.CE.AR5","","","","","","","","","","","","","","","","","","","","","","","","","","","","","","","","","","","","","","","","","","","","","","","","","","","","","","","","","","","","","","","","","",
"Sub-Saharan Africa (excluding high income)","SSA","Carbon dioxide (CO2) emissions from Fugitive Emissions (Energy) (Mt CO2e)","EN.GHG.CO2.FE.MT.CE.AR5","","","","","","","","","","","45.1288","58.9765","71.7631","93.0416","114.7807","89.6308","94.9684","83.3759","84.0398","114.1704","105.8431","87.4626","93.3203","106.9133","114.9628","120.5448","121.3669","117.3478","125.9114","123.8821","126.4548","126.3001","126.513","121.0209","123.7731","137.0543","152.5818","146.3409","139.5108","138.7265","144.3848","168.1998","155.15","158.0187","159.1218","166.1942","157.9934","158.7211","157.9475","130.9525","149.2863","141.6922","131.3598","129.033","128.1274","130.0151","127.749","132.3083","127.5744","126.395","116.6866","116.2886","106.8824","104.488","",
"South Sudan","SSD","Carbon dioxide (CO2) emissions from Fugitive Emissions (Energy) (Mt CO2e)","EN.GHG.CO2.FE.MT.CE.AR5","","","","","","","","","","","","","","","","","","","","","","","","","","","","","","","","","","","","","","","","","","","","","","","","","","","","","","","","","","","","","","","","","",
"Sub-Saharan Africa","SSF","Carbon dioxide (CO2) emissions from Fugitive Emissions (Energy) (Mt CO2e)","EN.GHG.CO2.FE.MT.CE.AR5","","","","","","","","","","","45.1917","59.0394","71.8132","93.087","114.8452","89.7051","95.017","83.4173","84.0886","114.2366","105.9243","87.5326","93.4077","107.0046","115.0338","120.6212","121.4605","117.46","126.0112","123.9819","126.5757","126.403","126.5213","121.032","123.7842","137.0654","152.5929","146.3464","139.5108","138.7265","144.3848","168.1998","155.15","158.0187","159.1218","166.1942","157.9934","158.7211","157.9475","130.9527","149.2866","141.6924","131.3598","129.033","128.1274","130.0152","127.7491","132.3114","127.5825","126.3951","116.6867","116.2887","106.8825","104.4881","",
"Small states","SST","Carbon dioxide (CO2) emissions from Fugitive Emissions (Energy) (Mt CO2e)","EN.GHG.CO2.FE.MT.CE.AR5","","","","","","","","","","","7.0886","6.9016","6.6591","7.1822","7.6452","6.9125","7.9183","8.389","8.7953","8.3785","9.3597","9.2142","8.5476","8.4788","8.3755","8.4989","8.2152","8.2296","8.0861","7.5718","7.7291","7.7053","7.9553","8.018","7.6989","7.4179","7.9666","7.776","6.5681","6.5569","7.6309","8.1237","8.3016","11.0874","11.1329","11.7446","14.9918","13.5996","14.2447","13.8088","15.4692","16.5052","15.9033","17.1852","17.5576","18.1197","16.4578","15.2385","18.3958","14.599","14.8811","12.907","12.6352","12.1736","",
"Sao Tome and Principe","STP","Carbon dioxide (CO2) emissions from Fugitive Emissions (Energy) (Mt CO2e)","EN.GHG.CO2.FE.MT.CE.AR5","","","","","","","","","","","0.0003","0.0003","0.0003","0.0003","0.0003","0.0003","0.0003","0.0003","0.0003","0.0003","0.0004","0.0001","0","0","0","0","0","0","0","0","0","0","0","0","0","0","0","0","0","0","0","0","0","0","0","0","0","0","0","0","0","0","0","0","0","0","0","0","0","0","0","0","0","0","",
"Suriname","SUR","Carbon dioxide (CO2) emissions from Fugitive Emissions (Energy) (Mt CO2e)","EN.GHG.CO2.FE.MT.CE.AR5","","","","","","","","","","","0","0","0","0","0","0","0","0","0.0001","0.0001","0.0001","0.0001","0.0002","0.0002","0.0003","0.0003","0.0005","0.0007","0.001","0.0012","0.0025","0.0037","0.005","0.0036","0.0045","0.0056","0.0078","0.0073","0.0077","0.0087","0.0059","0.0164","0.0284","0.028","0.0276","0.0282","0.0291","0.0336","0.0346","0.0283","0.0344","0.034","0.031","0.0345","0.0316","0.0341","0.0314","0.0319","0.0329","0.0342","0.0339","0.0328","0.0373","0.0337","",
"Slovak Republic","SVK","Carbon dioxide (CO2) emissions from Fugitive Emissions (Energy) (Mt CO2e)","EN.GHG.CO2.FE.MT.CE.AR5","","","","","","","","","","","3.4822","3.4822","3.5808","3.3612","3.3349","3.4407","3.6136","4.1564","2.4107","2.4512","4.2857","4.1763","4.1138","4.2107","5.0105","4.8502","4.7802","4.9776","5.0975","5.53","5.0458","4.7155","4.3546","4.9402","4.3791","4.2178","4.3578","3.8442","3.5747","3.561","3.957","5.2996","5.72","6.1842","6.2098","5.9361","6.8211","6.3783","5.7587","5.0857","5.7521","5.3035","5.0661","5.4642","5.4391","5.7897","5.9166","5.8262","5.7355","4.6996","4.3143","5.7613","5.7237","5.6579","",
"Slovenia","SVN","Carbon dioxide (CO2) emissions from Fugitive Emissions (Energy) (Mt CO2e)","EN.GHG.CO2.FE.MT.CE.AR5","","","","","","","","","","","0.0484","0.0484","0.0553","0.0564","0.0803","0.086","0.0926","0.0706","0.0748","0.0815","0.0786","0.1942","0.1795","0.2068","0.2392","0.2317","0.2343","0.2315","0.2875","0.2695","0.1417","0.1307","0.0853","0.0607","0.0628","0.086","0.087","0.1383","0.0812","0.0943","0.0871","0.0279","0.0305","0.0286","0.029","0.0266","0.027","0.0255","0.0246","0.0242","0.0328","0.0229","0.0212","0.0229","0.0189","0.0196","0.0149","0.0147","0.0142","0.014","0.0137","0.0113","0.0102","0.0093","",
"Sweden","SWE","Carbon dioxide (CO2) emissions from Fugitive Emissions (Energy) (Mt CO2e)","EN.GHG.CO2.FE.MT.CE.AR5","","","","","","","","","","","3.3604","3.1835","2.9397","1.4692","1.8529","2.437","3.3921","2.9791","2.9747","2.9922","3.01","2.6058","2.6203","2.188","2.1837","2.2865","2.4922","2.5185","2.3447","2.6272","3.1034","2.8733","3.209","3.4512","3.8651","3.8676","3.4862","3.4261","3.8504","4.043","3.9852","4.2107","3.5014","2.9325","3.2504","3.2299","5.2905","4.3889","4.7052","4.0094","4.2799","3.216","3.3024","2.8039","3.7036","3.688","3.8152","3.4508","1.8152","2.4271","3.2287","4.4466","3.787","3.6906","",
"Eswatini","SWZ","Carbon dioxide (CO2) emissions from Fugitive Emissions (Energy) (Mt CO2e)","EN.GHG.CO2.FE.MT.CE.AR5","","","","","","","","","","","0","0","0","0","0","0","0","0","0.0017","0.0018","0.0018","0.0017","0.0017","0.0011","0.0013","0.0017","0.0018","0.0017","0.0017","0.0017","0.0017","0.0013","0.001","0.0005","0.0019","0.0018","0.0013","0.0036","0.0036","0.0046","0.004","0.0033","0.0044","0.0047","0.0051","0.0047","0.0046","0.0048","0.0047","0.0042","0.0033","0.0013","0.0014","0.0024","0.0022","0.002","0.0019","0.0014","0.0014","0.0012","0.0012","0.0013","0.0013","0.0013","",
"Sint Maarten (Dutch part)","SXM","Carbon dioxide (CO2) emissions from Fugitive Emissions (Energy) (Mt CO2e)","EN.GHG.CO2.FE.MT.CE.AR5","","","","","","","","","","","","","","","","","","","","","","","","","","","","","","","","","","","","","","","","","","","","","","","","","","","","","","","","","","","","","","","","","",
"Seychelles","SYC","Carbon dioxide (CO2) emissions from Fugitive Emissions (Energy) (Mt CO2e)","EN.GHG.CO2.FE.MT.CE.AR5","","","","","","","","","","","0.0019","0.0019","0.002","0.002","0.0022","0.0019","0.0019","0.002","0.0021","0.0023","0.0026","0.0007","0","0","0","0","0","0","0","0","0","0","0","0","0","0","0","0","0","0","0","0","0","0","0","0","0","0","0","0","0","0","0","0","0","0","0","0","0","0","0","0","0","0","",
"Syrian Arab Republic","SYR","Carbon dioxide (CO2) emissions from Fugitive Emissions (Energy) (Mt CO2e)","EN.GHG.CO2.FE.MT.CE.AR5","","","","","","","","","","","0.5928","0.6419","0.6002","0.5956","0.5586","0.672","1.0109","1.2318","1.4131","1.2526","1.5946","2.1503","2.2072","2.2253","2.4534","2.1799","1.5774","5.7056","4.4719","3.7128","5.2069","6.038","6.879","7.8204","8.3636","8.3144","8.3009","8.0629","7.7764","7.807","7.9872","6.3719","5.2975","4.9877","4.4468","4.369","3.9307","4.2747","3.898","4.216","3.5035","3.118","2.3479","1.6447","1.5001","1.6876","1.4032","3.0927","2.0693","2.4461","2.5508","2.6641","2.8144","2.8596","",
"Turks and Caicos Islands","TCA","Carbon dioxide (CO2) emissions from Fugitive Emissions (Energy) (Mt CO2e)","EN.GHG.CO2.FE.MT.CE.AR5","","","","","","","","","","","0","0","0","0","0","0","0","0","0","0","0","0","0","0","0","0","0","0","0","0","0","0","0","0","0","0","0","0","0","0","0","0","0","0","0","0","0","0","0","0","0","0","0","0","0","0","0","0","0","0","0","0","0","0","",
"Chad","TCD","Carbon dioxide (CO2) emissions from Fugitive Emissions (Energy) (Mt CO2e)","EN.GHG.CO2.FE.MT.CE.AR5","","","","","","","","","","","0.0026","0.0026","0.0027","0.0027","0.003","0.0026","0.0026","0.0027","0.0027","0.0031","0.0035","0.0011","0","0","0","0","0","0","0","0","0","0","0","0","0.0056","0.0063","0.0075","0.0025","0.0022","0.0014","0.0002","0.0038","0.0188","0.1508","0.1997","0.2055","0.2114","0.2531","0.1622","0.1409","0.1293","0.1328","0.2276","0.2848","0.342","0.4985","0.548","0.482","0.4413","0.3622","0.324","0.3814","0.4653","0.4476","",
"East Asia & Pacific (IDA & IBRD countries)","TEA","Carbon dioxide (CO2) emissions from Fugitive Emissions (Energy) (Mt CO2e)","EN.GHG.CO2.FE.MT.CE.AR5","","","","","","","","","","","56.7547","57.4299","63.6524","69.7711","75.9376","79.8299","83.518","101.0112","125.8381","132.0482","135.8945","124.9784","126.0796","128.8317","140.3124","149.1435","160.2579","166.9493","176.0618","211.2181","214.2545","229.7726","231.1898","227.8286","263.1827","262.2275","249.6302","304.334","295.7997","280.3673","314.4251","310.93","308.8007","374.25","361.5281","375.3143","430.5741","458.9538","477.2865","542.7341","604.4004","631.377","652.0158","687.6743","638.9307","687.8777","635.6285","678.1725","705.367","791.7448","768.8253","783.7959","762.517","792.1824","",
"Europe & Central Asia (IDA & IBRD countries)","TEC","Carbon dioxide (CO2) emissions from Fugitive Emissions (Energy) (Mt CO2e)","EN.GHG.CO2.FE.MT.CE.AR5","","","","","","","","","","","157.5367","158.5584","161.0066","172.9463","180.2243","181.2159","193.4053","202.4676","285.7515","270.941","274.2932","272.3953","275.2216","281.0224","287.1699","297.8648","297.7915","300.2539","327.1102","330.9548","329.3968","299.7242","298.6099","279.3694","286.4391","308.6584","287.9468","282.1501","312.1716","316.1334","311.283","308.1657","319.8245","361.8073","365.7081","373.9711","352.4781","357.2558","334.8704","337.2041","341.3929","340.6355","323.1372","307.9482","257.7085","284.9868","273.781","275.7726","274.3466","305.5872","286.1443","300.2912","309.1666","323.6842","",
"Togo","TGO","Carbon dioxide (CO2) emissions from Fugitive Emissions (Energy) (Mt CO2e)","EN.GHG.CO2.FE.MT.CE.AR5","","","","","","","","","","","0","0","0","0","0","0","0","0","0","0","0","0","0","0","0","0","0","0","0","0","0","0","0","0","0","0","0","0","0","0","0","0","0","0","0","0","0","0","0","0","0","0","0","0","0","0","0","0","0","0","0","0","0","0","",
"Thailand","THA","Carbon dioxide (CO2) emissions from Fugitive Emissions (Energy) (Mt CO2e)","EN.GHG.CO2.FE.MT.CE.AR5","","","","","","","","","","","0.147","0.147","0.1885","0.2135","0.1886","0.1997","0.2135","0.2274","0.2302","0.2443","0.2139","0.3003","0.2169","0.2707","0.3333","1.5931","1.8159","1.92","2.1471","2.1095","4.1887","3.1468","3.7985","4.3262","3.9563","4.3793","5.7499","5.871","7.8285","8.6808","9.9892","9.6828","10.1704","10.4307","12.0636","14.1086","15.7829","17.8146","21.4315","12.6557","16.3976","16.3834","23.4804","26.1323","22.6051","20.9717","20.137","17.3146","19.4334","21.8969","17.8698","17.5777","15.3497","16.2258","",
"Tajikistan","TJK","Carbon dioxide (CO2) emissions from Fugitive Emissions (Energy) (Mt CO2e)","EN.GHG.CO2.FE.MT.CE.AR5","","","","","","","","","","","0.0018","0.0018","0.0019","0.002","0.002","0.0022","0.0023","0.0024","0.0025","0.0026","0.0026","0.0026","0.0027","0.0028","0.0028","0.0028","0.003","0.0031","0.0032","0.0031","0.0035","0.0023","0.0016","0.0013","0.0005","0.0002","0.0001","0.0001","0.0001","0.0001","0.0001","0.0001","0.0002","0.0003","0.0006","0.0006","0.0007","0.0012","0.0013","0.0013","0.0013","0.0016","0.0028","0.0035","0.0274","0.0069","0.0093","0.012","0.0128","0.0137","0.0143","0.0272","0.0276","0.0282","",
"Turkmenistan","TKM","Carbon dioxide (CO2) emissions from Fugitive Emissions (Energy) (Mt CO2e)","EN.GHG.CO2.FE.MT.CE.AR5","","","","","","","","","","","1.2292","1.2292","1.2581","1.2906","1.3228","1.2649","1.3724","1.4125","2.4472","2.5116","2.5099","2.5108","2.5349","2.5334","2.6017","2.7267","2.7586","2.7866","2.8208","2.8459","3.0059","2.671","1.3961","1.8989","3.3883","3.4255","3.5466","3.1199","3.8049","5.0225","7.2472","7.7039","8.9334","10.1227","10.2502","10.9187","11.2284","10.8214","11.6434","7.3803","8.1568","8.1671","10.007","9.661","9.1646","8.8824","8.6803","8.4817","8.1195","8.4412","9.6405","8.6547","8.5114","8.5999","",
"Latin America & the Caribbean (IDA & IBRD countries)","TLA","Carbon dioxide (CO2) emissions from Fugitive Emissions (Energy) (Mt CO2e)","EN.GHG.CO2.FE.MT.CE.AR5","","","","","","","","","","","94.5734","96.0754","99.8566","105.5891","106.3526","94.8213","98.4739","100.1149","106.8896","110.194","116.2825","114.3916","123.578","111.5965","117.787","122.3429","120.8657","119.9407","116.9156","122.5799","117.9178","125.0422","130.0734","135.6591","153.1541","142.7139","157.122","166.6855","172.7246","164.4978","171.3165","167.7171","165.0535","172.8413","180.6139","183.152","186.9468","191.2643","203.7028","201.459","196.7155","197.0536","213.4651","214.4186","216.0046","208.2335","197.7361","184.7246","185.7899","185.5605","168.8067","170.1029","171.0237","173.0971","",
"Timor-Leste","TLS","Carbon dioxide (CO2) emissions from Fugitive Emissions (Energy) (Mt CO2e)","EN.GHG.CO2.FE.MT.CE.AR5","","","","","","","","","","","0","0","0","0","0","0","0","0","0","0","0","0","0","0","0","0","0","0","0","0","0","0","0","0","0","0","0","0","0.0627","0.1616","0.2264","0.1225","0.1038","0.0985","0.3425","0.1721","0.1655","0.1289","0.1091","0.1189","0.0935","0.1194","0.3348","0.2923","0.2043","0.1778","0.1453","0.1499","0.1264","0.0786","0.0652","0.0528","0.0651","0.0337","",
"Middle East, North Africa, Afghanistan & Pakistan (IDA & IBRD)","TMN","Carbon dioxide (CO2) emissions from Fugitive Emissions (Energy) (Mt CO2e)","EN.GHG.CO2.FE.MT.CE.AR5","","","","","","","","","","","111.8658","112.3004","119.2835","142.1107","129.6021","120.7746","148.3099","144.4192","144.8239","129.3378","105.0228","75.1773","90.6135","89.0867","77.2213","84.1557","92.2504","88.6369","87.8116","82.2371","101.1856","104.3823","113.0882","111.4038","119.4814","123.4376","124.0549","121.4211","116.846","128.8969","137.8885","129.2215","122.6339","137.1084","138.2232","145.5329","145.7775","142.5758","148.6124","146.1246","150.2877","140.8731","165.7803","170.4268","179.0275","178.1106","186.9079","203.4646","203.0967","207.3117","197.4329","213.1129","214.633","219.4468","",
"Tonga","TON","Carbon dioxide (CO2) emissions from Fugitive Emissions (Energy) (Mt CO2e)","EN.GHG.CO2.FE.MT.CE.AR5","","","","","","","","","","","0","0","0","0","0","0","0","0","0","0","0","0","0","0","0","0","0","0","0","0","0","0","0","0","0","0","0","0","0","0","0","0","0","0","0","0","0","0","0","0","0","0","0","0","0","0","0","0","0","0","0","0","0","0","",
"South Asia (IDA & IBRD)","TSA","Carbon dioxide (CO2) emissions from Fugitive Emissions (Energy) (Mt CO2e)","EN.GHG.CO2.FE.MT.CE.AR5","","","","","","","","","","","19.2287","19.3399","19.7161","19.7953","21.0047","20.8456","21.3514","21.9804","20.8767","20.8747","21.3579","23.2072","24.3148","26.625","26.611","27.9444","29.4616","30.3084","31.4528","31.805","32.5675","33.3298","32.8863","35.5268","41.3514","41.814","42.5003","40.1477","40.1874","48.6971","50.4417","49.8717","54.565","58.0671","70.3013","68.8885","75.5846","63.9849","57.5473","52.2914","56.5841","64.3684","74.9594","74.7926","80.0305","82.244","86.3596","93.3771","96.2361","102.6208","93.5969","92.9436","122.6899","130.5224","",
"Sub-Saharan Africa (IDA & IBRD countries)","TSS","Carbon dioxide (CO2) emissions from Fugitive Emissions (Energy) (Mt CO2e)","EN.GHG.CO2.FE.MT.CE.AR5","","","","","","","","","","","45.1917","59.0394","71.8132","93.087","114.8452","89.7051","95.017","83.4173","84.0886","114.2366","105.9243","87.5326","93.4077","107.0046","115.0338","120.6212","121.4605","117.46","126.0112","123.9819","126.5757","126.403","126.5213","121.032","123.7842","137.0654","152.5929","146.3464","139.5108","138.7265","144.3848","168.1998","155.15","158.0187","159.1218","166.1942","157.9934","158.7211","157.9475","130.9527","149.2866","141.6924","131.3598","129.033","128.1274","130.0152","127.7491","132.3114","127.5825","126.3951","116.6867","116.2887","106.8825","104.4881","",
"Trinidad and Tobago","TTO","Carbon dioxide (CO2) emissions from Fugitive Emissions (Energy) (Mt CO2e)","EN.GHG.CO2.FE.MT.CE.AR5","","","","","","","","","","","4.5069","4.4746","3.7467","3.7899","4.196","3.4603","3.9732","4.3107","3.7825","3.6775","4.1573","4.7252","3.8441","3.6106","3.6182","3.7953","3.6862","3.8261","3.4188","3.0045","2.7696","2.8839","3.1079","2.946","2.8396","2.3175","2.651","2.592","2.4502","2.2833","2.476","3.2638","3.9202","6.2196","6.3078","7.2613","9.8956","8.7932","8.9719","8.3098","9.4776","9.9076","9.5602","10.2355","9.732","9.5102","8.8777","7.5527","8.8695","7.7572","6.3224","5.2083","5.1153","4.793","",
"Tunisia","TUN","Carbon dioxide (CO2) emissions from Fugitive Emissions (Energy) (Mt CO2e)","EN.GHG.CO2.FE.MT.CE.AR5","","","","","","","","","","","0.1933","0.1933","0.2421","0.2143","0.1713","0.1895","0.204","0.2313","0.2263","0.2565","0.2905","0.3251","0.2624","0.3206","0.2642","0.372","0.4305","0.4159","0.2401","0.2549","0.2593","0.3768","0.6198","0.7075","0.7081","0.6953","0.6674","0.6422","0.6872","0.7809","0.7124","0.6981","0.6937","0.6707","0.6924","0.7778","0.885","0.9068","1.0925","1.1267","1.4105","1.493","2.171","2.0221","1.8676","1.5752","1.3158","1.229","1.1282","0.9883","1.062","1.1471","1.1874","1.1326","",
"Turkiye","TUR","Carbon dioxide (CO2) emissions from Fugitive Emissions (Energy) (Mt CO2e)","EN.GHG.CO2.FE.MT.CE.AR5","","","","","","","","","","","2.9468","2.6177","3.5125","4.5217","5.465","5.505","5.2683","6.9728","4.4556","4.1739","4.1921","4.0442","4.552","4.5865","4.8728","5.1524","5.5371","6.1991","7.5852","8.0922","8.5977","7.0025","8.4266","8.0223","8.5777","8.9535","8.4646","10.0144","10.4971","9.4581","9.0671","8.1534","8.3113","8.9878","9.5224","9.1878","9.8849","8.8338","11.197","12.8595","12.73","12.4648","13.3848","14.3176","13.2964","16.9726","18.9981","21.3491","17.8819","18.7771","16.345","17.8919","17.4315","17.0724","",
"Tuvalu","TUV","Carbon dioxide (CO2) emissions from Fugitive Emissions (Energy) (Mt CO2e)","EN.GHG.CO2.FE.MT.CE.AR5","","","","","","","","","","","","","","","","","","","","","","","","","","","","","","","","","","","","","","","","","","","","","","","","","","","","","","","","","","","","","","","","","",
"Tanzania","TZA","Carbon dioxide (CO2) emissions from Fugitive Emissions (Energy) (Mt CO2e)","EN.GHG.CO2.FE.MT.CE.AR5","","","","","","","","","","","0.0526","0.0526","0.0499","0.0416","0.0305","0.061","0.0526","0.0332","0.0305","0.0333","0.0333","0.0333","0.0416","0.0472","0.0417","0.0494","0.0416","0.0416","0.0416","0.0416","0.0416","0.0416","0.0388","0.0392","0.0392","0.0392","0.0393","0.0391","0.0392","0.0395","0.0008","0.0008","0.0008","0.0005","0.0131","0.0045","0.0043","0.0044","0.0043","0.0042","0.0042","0.005","0.0024","0.0066","0.004","0.0028","0.0027","0.0054","0.0061","0.0069","0.0067","0.0095","0.0243","0.0281","",
"Uganda","UGA","Carbon dioxide (CO2) emissions from Fugitive Emissions (Energy) (Mt CO2e)","EN.GHG.CO2.FE.MT.CE.AR5","","","","","","","","","","","","","","","","","","","","","","","","","","","","","","","","","","","","","","","","","","","","","","","","","","","","","","","","","","","","","","","","","",
"Ukraine","UKR","Carbon dioxide (CO2) emissions from Fugitive Emissions (Energy) (Mt CO2e)","EN.GHG.CO2.FE.MT.CE.AR5","","","","","","","","","","","27.7576","27.7576","28.5585","29.4563","30.3469","29.3821","31.7012","32.6643","53.6246","55.0336","55.1417","55.2076","55.7326","55.714","57.043","59.5273","60.1798","60.8864","61.5881","62.0339","65.2103","55.4721","49.9261","51.0655","41.4733","53.6972","36.4863","37.2562","39.5361","40.931","43.1624","37.6633","34.7934","35.6413","35.2473","39.3835","28.7758","29.798","27.8135","24.5277","28.0609","27.4057","27.7595","24.6666","15.1673","19.4553","10.2702","16.4485","19.4247","17.3663","16.3108","12.3224","11.8561","12.5853","",
"Upper middle income","UMC","Carbon dioxide (CO2) emissions from Fugitive Emissions (Energy) (Mt CO2e)","EN.GHG.CO2.FE.MT.CE.AR5","","","","","","","","","","","267.3789","268.7586","289.357","327.8067","328.6026","320.7142","357.4833","380.7092","435.3395","430.7476","422.4272","383.0735","424.3028","429.9589","440.3849","469.386","487.24","482.4545","502.6942","529.7937","551.6213","556.6263","557.7956","548.9238","584.4174","604.9395","579.6779","644.4469","641.3181","627.7111","681.0258","691.5733","696.1131","782.9498","785.626","821.0447","871.5668","902.0891","944.2462","979.339","1072.3064","1088.4237","1136.747","1174.6867","1076.4275","1128.7016","1067.1957","1132.7721","1156.0756","1243.4401","1195.9238","1231.6149","1204.6","1241.985","",
"Uruguay","URY","Carbon dioxide (CO2) emissions from Fugitive Emissions (Energy) (Mt CO2e)","EN.GHG.CO2.FE.MT.CE.AR5","","","","","","","","","","","0.2841","0.2841","0.2487","0.2736","0.2828","0.2766","0.2509","0.1853","0.312","0.3008","0.2622","0.2242","0.2477","0.2024","0.1724","0.1689","0.1502","0.2521","0.2537","0.2589","0.2583","0.2964","0.3608","0.1331","0.0921","0.2901","0.3019","0.2623","0.3664","0.3382","0.3638","0.3619","0.2912","0.3175","0.4357","0.4356","0.4079","0.4167","0.395","0.3963","0.3791","0.2833","0.3769","0.4309","0.4511","0.4487","0.5594","0.1965","0.462","0.441","0.4194","0.4084","0.399","0.3877","",
"United States","USA","Carbon dioxide (CO2) emissions from Fugitive Emissions (Energy) (Mt CO2e)","EN.GHG.CO2.FE.MT.CE.AR5","","","","","","","","","","","350.5993","327.0706","345.9724","403.5284","381.1078","315.2847","334.8352","334.8668","334.7494","332.8116","280.6703","259.4473","260.5131","253.0473","266.6188","262.8428","267.1051","286.6862","295.473","295.5322","294.8836","284.2216","288.657","288.8969","290.075","293.4761","297.9508","296.1361","297.9183","286.777","291.4755","283.1305","314.6704","316.4987","310.3719","296.7121","305.7872","306.7362","304.2517","288.552","295.7551","273.4568","278.0736","284.8772","291.1751","295.2617","285.263","281.488","299.0102","313.9204","283.1171","290.2534","294.5233","299.4196","",
"Uzbekistan","UZB","Carbon dioxide (CO2) emissions from Fugitive Emissions (Energy) (Mt CO2e)","EN.GHG.CO2.FE.MT.CE.AR5","","","","","","","","","","","1.7465","1.7465","1.8151","1.891","1.9676","1.9454","2.0779","2.1445","3.1923","3.2754","3.2997","3.309","3.3385","3.3374","3.3943","3.5114","3.5407","3.5933","3.6269","3.6424","3.7789","3.8024","3.54","3.3031","4.9149","6.5227","11.1323","9.7891","10.6052","10.473","11.4339","12.2839","13.6129","12.7243","12.3927","12.189","12.728","11.5797","12.5659","10.2277","11.4884","11.4569","10.5647","9.3254","8.083","7.2201","7.3695","7.6648","21.0416","19.7598","8.9769","11.2432","11.7677","11.9066","",
"St. Vincent and the Grenadines","VCT","Carbon dioxide (CO2) emissions from Fugitive Emissions (Energy) (Mt CO2e)","EN.GHG.CO2.FE.MT.CE.AR5","","","","","","","","","","","0","0","0","0","0","0","0","0","0","0","0","0","0","0","0","0","0","0","0","0","0","0","0","0","0","0","0","0","0","0","0","0","0","0","0","0","0","0","0","0","0","0","0","0","0","0","0","0","0","0","0","0","0","0","",
"Venezuela, RB","VEN","Carbon dioxide (CO2) emissions from Fugitive Emissions (Energy) (Mt CO2e)","EN.GHG.CO2.FE.MT.CE.AR5","","","","","","","","","","","28.2118","26.8236","25.5528","27.0521","23.4116","16.834","15.6557","14.6177","15.6451","16.4587","16.2359","16.0635","17.0866","14.582","17.8005","15.0386","15.8946","19.68","15.7604","20.8631","22.1653","26.7879","28.8554","26.1191","39.9796","31.2986","40.3922","41.3459","40.469","43.1041","48.3133","43.9057","41.1471","40.0687","43.5276","43.2547","46.0511","47.308","52.6801","51.4167","46.934","44.475","54.9279","58.6554","62.2782","58.8361","57.4328","50.5391","48.5317","45.2292","34.9273","34.6906","35.7637","35.0344","",
"British Virgin Islands","VGB","Carbon dioxide (CO2) emissions from Fugitive Emissions (Energy) (Mt CO2e)","EN.GHG.CO2.FE.MT.CE.AR5","","","","","","","","","","","0","0","0","0","0","0","0","0","0","0","0","0","0","0","0","0","0","0","0","0","0","0","0","0","0","0","0","0","0","0","0","0","0","0","0","0","0","0","0","0","0","0","0","0","0","0","0","0","0","0","0","0","0","0","",
"Virgin Islands (U.S.)","VIR","Carbon dioxide (CO2) emissions from Fugitive Emissions (Energy) (Mt CO2e)","EN.GHG.CO2.FE.MT.CE.AR5","","","","","","","","","","","","","","","","","","","","","","","","","","","","","","","","","","","","","","","","","","","","","","","","","","","","","","","","","","","","","","","","","",
"Viet Nam","VNM","Carbon dioxide (CO2) emissions from Fugitive Emissions (Energy) (Mt CO2e)","EN.GHG.CO2.FE.MT.CE.AR5","","","","","","","","","","","0.0275","0.0275","0.0184","0.0275","0.0368","0.0478","0.0515","0.057","0.0551","0.0505","0.0478","0.0551","0.0577","0.0579","0.0459","0.0514","0.0563","0.0582","0.0557","0.0472","0.0427","0.0468","0.046","0.0543","1.2902","1.5202","1.4123","1.1263","1.2219","1.8359","1.4913","1.4991","1.2138","1.4189","1.493","1.5063","1.417","1.4929","1.3731","1.4955","1.4221","1.4434","2.1412","2.409","2.3573","2.2536","1.9714","2.1411","1.835","1.9879","1.7845","1.5733","1.7034","1.8664","",
"Vanuatu","VUT","Carbon dioxide (CO2) emissions from Fugitive Emissions (Energy) (Mt CO2e)","EN.GHG.CO2.FE.MT.CE.AR5","","","","","","","","","","","0","0","0","0","0","0","0","0","0","0","0","0","0","0","0","0","0","0","0","0","0","0","0","0","0","0","0","0","0","0","0","0","0","0","0","0","0","0","0","0","0","0","0","0","0","0","0","0","0","0","0","0","0","0","",
"World","WLD","Carbon dioxide (CO2) emissions from Fugitive Emissions (Energy) (Mt CO2e)","EN.GHG.CO2.FE.MT.CE.AR5","","","","","","","","","","","1355.1764946675","1369.0874834223","1452.5672653079","1627.7957251893","1621.3271482653","1475.5998705817","1591.5861150817","1589.6576525741","1699.5027768373","1701.244366307","1641.4164523245","1502.0765526684","1518.3605654801","1509.8338568452","1531.2419383455","1561.8145125272","1576.4043021113","1592.0607462386","1667.3783948717","1716.665119542","1714.6435306993","1726.7863298201","1699.3591742326","1689.7137650244","1777.5198627135","1812.6266415998","1821.0852447725","1882.5384372196","1895.376137889","1879.3249498783","1941.6133018483","1928.0719442462","1961.5363401757","2121.7639022207","2133.3012971895","2200.2619580506","2256.7852621429","2295.6611437282","2293.4450496328","2277.3187664176","2397.1956618649","2413.0092254248","2463.4890742203","2504.3439997407","2467.0433370101","2538.3156696475","2453.051282191","2513.8814408078","2577.4326605267","2710.3191605016","2550.7334735652","2620.8725047","2619.237843634","2666.4156604569","",
"Samoa","WSM","Carbon dioxide (CO2) emissions from Fugitive Emissions (Energy) (Mt CO2e)","EN.GHG.CO2.FE.MT.CE.AR5","","","","","","","","","","","0","0","0","0","0","0","0","0","0","0","0","0","0","0","0","0","0","0","0","0","0","0","0","0","0","0","0","0","0","0","0","0","0","0","0","0","0","0","0","0","0","0","0","0","0","0","0","0","0","0","0","0","0","0","",
"Kosovo","XKX","Carbon dioxide (CO2) emissions from Fugitive Emissions (Energy) (Mt CO2e)","EN.GHG.CO2.FE.MT.CE.AR5","","","","","","","","","","","","","","","","","","","","","","","","","","","","","","","","","","","","","","","","","","","","","","","","","","","","","","","","","","","","","","","","","",
"Yemen, Rep.","YEM","Carbon dioxide (CO2) emissions from Fugitive Emissions (Energy) (Mt CO2e)","EN.GHG.CO2.FE.MT.CE.AR5","","","","","","","","","","","0.1805","0.1805","0.1742","0.2614","0.196","0.168","0.1742","0.2085","0.2116","0.2116","0.2987","0.2738","0.3703","0.3734","0.3703","0.3858","0.3968","0.3528","0.3852","0.3836","0.3851","0.3893","0.3984","0.3918","1.4473","1.2113","1.3275","1.4207","1.3381","2.2851","2.6082","2.4841","2.2143","2.7102","2.7897","3.4878","4.4392","4.786","4.0747","5.0054","4.7222","4.2981","3.8436","4.43","4.3146","1.7702","0.7988","1.0835","1.479","1.9231","2.1778","2.2831","1.916","1.3387","",
"South Africa","ZAF","Carbon dioxide (CO2) emissions from Fugitive Emissions (Energy) (Mt CO2e)","EN.GHG.CO2.FE.MT.CE.AR5","","","","","","","","","","","12.2851","12.2792","12.6757","13.3161","13.7276","14.8631","15.2144","15.5325","16.5755","16.8083","21.784","24.372","37.4151","49.6865","53.1849","55.7809","57.6105","58.6131","63.0242","56.1986","62.5072","60.0903","57.3112","50.7745","50.8771","55.8541","55.8522","56.2559","53.5014","54.8174","55.0732","78.5003","79.4962","75.1465","79.8066","88.1041","88.0984","95.1553","94.9295","71.7723","86.6957","78.9709","80.3765","77.0559","76.4561","77.7273","77.4961","81.2658","79.5639","78.7351","71.5484","73.8415","66.8711","65.1643","",
"Zambia","ZMB","Carbon dioxide (CO2) emissions from Fugitive Emissions (Energy) (Mt CO2e)","EN.GHG.CO2.FE.MT.CE.AR5","","","","","","","","","","","0.0006","0.0006","0.0007","0.0629","0.1223","0.1282","0.131","0.1281","0.1222","0.1159","0.0744","0.0854","0.0792","0.0791","0.0708","0.0649","0.0617","0.0648","0.0676","0.0707","0.0679","0.0711","0.0711","0.0711","0.0709","0.0709","0.0551","0.0741","0.082","0.0421","0.0219","0.033","0.0385","0.0413","0.0468","0.0413","0.0412","0.0249","0.0277","0.0332","0.036","0.0332","0.0361","0.0361","0.0389","0.0334","0.0307","0.0349","0.0367","0.0395","0.0214","0.0037","0.0034","0.0036","",
"Zimbabwe","ZWE","Carbon dioxide (CO2) emissions from Fugitive Emissions (Energy) (Mt CO2e)","EN.GHG.CO2.FE.MT.CE.AR5","","","","","","","","","","","0.7065","0.7058","0.6069","0.6803","0.651","0.478","0.6187","0.7799","0.505","0.6036","0.5314","0.403","0.5322","0.5292","0.4891","0.4845","0.9296","0.9343","0.7171","0.2507","0.209","0.2167","0.2164","0.1875","0.143","0.142","0.1319","0.2133","0.214","0.3356","0.3079","0.3063","0.2819","0.2376","0.2236","0.5247","0.5058","0.3605","0.1964","0.211","0.2466","0.21","0.2703","0.2769","0.3145","0.3175","0.2858","0.2132","0.2427","0.2442","0.2948","0.8297","0.9532","1.0929","",
